SID,entry
65e862f844f1b7a803bb3c5a,screwdriver
65e862f844f1b7a803bb3c5a,drill
65e862f844f1b7a803bb3c5a,chisel
65e862f844f1b7a803bb3c5a,trowel
65e862f844f1b7a803bb3c5a,stapler
65e862f844f1b7a803bb3c5a,saw
65e862f844f1b7a803bb3c5a,chainsaw
65e862f844f1b7a803bb3c5a,pencil
65e862f844f1b7a803bb3c5a,wrench
65e862f844f1b7a803bb3c5a,mallet
65e862f844f1b7a803bb3c5a,scraper
65e862f844f1b7a803bb3c5a,scriber
65e862f844f1b7a803bb3c5a,spade
65e862f844f1b7a803bb3c5a,level
65e862f844f1b7a803bb3c5a,planer
65e862f844f1b7a803bb3c5a,scythe
65e862f844f1b7a803bb3c5a,ladder
63ea4ab1ce4168cbe9f63775,hammer
63ea4ab1ce4168cbe9f63775,hand saw
63ea4ab1ce4168cbe9f63775,saw
63ea4ab1ce4168cbe9f63775,wrench
63ea4ab1ce4168cbe9f63775,ratchet
63ea4ab1ce4168cbe9f63775,mallet
63ea4ab1ce4168cbe9f63775,wrench
63ea4ab1ce4168cbe9f63775,screwdriver
63ea4ab1ce4168cbe9f63775,screwdriver
63ea4ab1ce4168cbe9f63775,drill
63ea4ab1ce4168cbe9f63775,hoe
63ea4ab1ce4168cbe9f63775,punch
63ea4ab1ce4168cbe9f63775,pencil
63ea4ab1ce4168cbe9f63775,hammer
63ea4ab1ce4168cbe9f63775,wrench
63ea4ab1ce4168cbe9f63775,chisel
63ea4ab1ce4168cbe9f63775,table saw
63ea4ab1ce4168cbe9f63775,jigsaw
63ea4ab1ce4168cbe9f63775,circular saw
63ea4ab1ce4168cbe9f63775,saw
63ea4ab1ce4168cbe9f63775,wrench
63ea4ab1ce4168cbe9f63775,pickaxe
63ea4ab1ce4168cbe9f63775,sander
63ea4ab1ce4168cbe9f63775,level
63ea4ab1ce4168cbe9f63775,planer
63ea4ab1ce4168cbe9f63775,level
63ea4ab1ce4168cbe9f63775,sander
65d6a09286a0c99e632a46dd,wrench
65d6a09286a0c99e632a46dd,trowel
65d6a09286a0c99e632a46dd,wrench
65d6a09286a0c99e632a46dd,screwdriver
65d6a09286a0c99e632a46dd,saw
65d6a09286a0c99e632a46dd,ladder
65d6a09286a0c99e632a46dd,sickle
65d6a09286a0c99e632a46dd,crowbar
65d6a09286a0c99e632a46dd,hammer
65d6a09286a0c99e632a46dd,stapler
65d6a09286a0c99e632a46dd,ladder
65d6a09286a0c99e632a46dd,saw
65d6a09286a0c99e632a46dd,trowel
65d6a09286a0c99e632a46dd,mallet
65d6a09286a0c99e632a46dd,paintbrush
65d6a09286a0c99e632a46dd,pliers
60a48adfe091e410f4eaba34,hammer
60a48adfe091e410f4eaba34,drill
60a48adfe091e410f4eaba34,chisel
60a48adfe091e410f4eaba34,screwdriver
60a48adfe091e410f4eaba34,drill
60a48adfe091e410f4eaba34,mallet
60a48adfe091e410f4eaba34,file
60a48adfe091e410f4eaba34,chainsaw
60a48adfe091e410f4eaba34,axe
60a48adfe091e410f4eaba34,planer
63e802622f8052bd67d6c5f0,hammer
63e802622f8052bd67d6c5f0,screwdriver
63e802622f8052bd67d6c5f0,drill
63e802622f8052bd67d6c5f0,stapler
63e802622f8052bd67d6c5f0,hammer
63e802622f8052bd67d6c5f0,spade
63e802622f8052bd67d6c5f0,ladder
60d731567049e5132e3cc4d4,hammer
60d731567049e5132e3cc4d4,screwdriver
60d731567049e5132e3cc4d4,wrench
60d731567049e5132e3cc4d4,router
60d731567049e5132e3cc4d4,t-square
60d731567049e5132e3cc4d4,clamp
60d731567049e5132e3cc4d4,vice
60d731567049e5132e3cc4d4,saw
60d731567049e5132e3cc4d4,file
60d731567049e5132e3cc4d4,sander
60d731567049e5132e3cc4d4,rasp
60d731567049e5132e3cc4d4,stapler
60d731567049e5132e3cc4d4,drill
60d731567049e5132e3cc4d4,level
60d731567049e5132e3cc4d4,pencil
60d731567049e5132e3cc4d4,scriber
60d731567049e5132e3cc4d4,rake
60d731567049e5132e3cc4d4,hoe
60d731567049e5132e3cc4d4,tiller
60d731567049e5132e3cc4d4,rake
60d731567049e5132e3cc4d4,pliers
60d731567049e5132e3cc4d4,trowel
60d731567049e5132e3cc4d4,hoe
60d731567049e5132e3cc4d4,punch
60d731567049e5132e3cc4d4,stapler
65cb63e160bb47fbf9349269,hammer
65cb63e160bb47fbf9349269,drill
65cb63e160bb47fbf9349269,wrench
65cb63e160bb47fbf9349269,shovel
65cb63e160bb47fbf9349269,ladder
65cb63e160bb47fbf9349269,vice
65cb63e160bb47fbf9349269,drill
65cb63e160bb47fbf9349269,planer
65cb63e160bb47fbf9349269,brush
65cb63e160bb47fbf9349269,level
65cb63e160bb47fbf9349269,stapler
65cb63e160bb47fbf9349269,pencil
65cb63e160bb47fbf9349269,pliers
65cb63e160bb47fbf9349269,router
5f5aa60bef062519ff711fe6,saw
5f5aa60bef062519ff711fe6,rake
5f5aa60bef062519ff711fe6,planer
5f5aa60bef062519ff711fe6,rake
5f5aa60bef062519ff711fe6,screwdriver
5f5aa60bef062519ff711fe6,wrench
5f5aa60bef062519ff711fe6,vice
5f5aa60bef062519ff711fe6,ladder
5f5aa60bef062519ff711fe6,hammer
5f5aa60bef062519ff711fe6,mallet
5f5aa60bef062519ff711fe6,pickaxe
5f5aa60bef062519ff711fe6,axe
5f5aa60bef062519ff711fe6,pliers
65e358d9c5e3ee026268b2a7,hammer
65e358d9c5e3ee026268b2a7,screwdriver
65e358d9c5e3ee026268b2a7,wrench
65e358d9c5e3ee026268b2a7,mallet
65e358d9c5e3ee026268b2a7,wrench
65e358d9c5e3ee026268b2a7,tiller
65e358d9c5e3ee026268b2a7,saw
65e358d9c5e3ee026268b2a7,drill
65e358d9c5e3ee026268b2a7,saw
65e358d9c5e3ee026268b2a7,wrench
65e358d9c5e3ee026268b2a7,fork
65e358d9c5e3ee026268b2a7,mallet
65e358d9c5e3ee026268b2a7,hacksaw
65e358d9c5e3ee026268b2a7,stapler
65e358d9c5e3ee026268b2a7,trowel
65e358d9c5e3ee026268b2a7,pliers
65e358d9c5e3ee026268b2a7,table saw
65e358d9c5e3ee026268b2a7,pencil
65e358d9c5e3ee026268b2a7,sander
65e358d9c5e3ee026268b2a7,level
65c25cf77dca9d7ca7d9ebdb,hammer
65c25cf77dca9d7ca7d9ebdb,mallet
65c25cf77dca9d7ca7d9ebdb,sickle
65c25cf77dca9d7ca7d9ebdb,axe
65c25cf77dca9d7ca7d9ebdb,axe
65c25cf77dca9d7ca7d9ebdb,axe
65c25cf77dca9d7ca7d9ebdb,drill
65c25cf77dca9d7ca7d9ebdb,screwdriver
65c25cf77dca9d7ca7d9ebdb,sickle
65c25cf77dca9d7ca7d9ebdb,sickle
65c25cf77dca9d7ca7d9ebdb,pencil
65b15afd94153c1f50c92493,wrench
65b15afd94153c1f50c92493,screwdriver
65b15afd94153c1f50c92493,hammer
65b15afd94153c1f50c92493,mallet
65b15afd94153c1f50c92493,drill
65b15afd94153c1f50c92493,axe
65b15afd94153c1f50c92493,mallet
65b15afd94153c1f50c92493,stapler
65b15afd94153c1f50c92493,scraper
65b15afd94153c1f50c92493,file
65b15afd94153c1f50c92493,chisel
65b15afd94153c1f50c92493,clamp
65b15afd94153c1f50c92493,file
65b15afd94153c1f50c92493,pickaxe
65b15afd94153c1f50c92493,scriber
65b15afd94153c1f50c92493,saw
65b15afd94153c1f50c92493,ladder
65b15afd94153c1f50c92493,paintbrush
65b15afd94153c1f50c92493,paint roller
65b15afd94153c1f50c92493,level
65b15afd94153c1f50c92493,pencil
5d7ff4aa50fda7001a863736,hammer
5d7ff4aa50fda7001a863736,screwdriver
5d7ff4aa50fda7001a863736,drill
5d7ff4aa50fda7001a863736,saw
5d7ff4aa50fda7001a863736,chainsaw
5d7ff4aa50fda7001a863736,axe
5d7ff4aa50fda7001a863736,crowbar
5d7ff4aa50fda7001a863736,wrench
5d7ff4aa50fda7001a863736,router
65cc19b4b3d48a22dfc6756d,screwdriver
65cc19b4b3d48a22dfc6756d,wrench
65cc19b4b3d48a22dfc6756d,hammer
65cc19b4b3d48a22dfc6756d,pencil
65d54b3b524fcafb543d1b23,hammer
65d54b3b524fcafb543d1b23,wrench
65d54b3b524fcafb543d1b23,pliers
65d54b3b524fcafb543d1b23,punch
65d54b3b524fcafb543d1b23,screwdriver
65d54b3b524fcafb543d1b23,router
65e1f75ab3efd22e847cfbf0,screwdriver
65e1f75ab3efd22e847cfbf0,wrench
65e1f75ab3efd22e847cfbf0,sickle
65e1f75ab3efd22e847cfbf0,drill
65e1f75ab3efd22e847cfbf0,hammer
65e1f75ab3efd22e847cfbf0,axe
65e1f75ab3efd22e847cfbf0,pliers
65e1f75ab3efd22e847cfbf0,scythe
65e1f75ab3efd22e847cfbf0,wrench
65e1f75ab3efd22e847cfbf0,sickle
65e1f75ab3efd22e847cfbf0,hoe
