SID,entry
65cb63e160bb47fbf9349269,dogs
65cb63e160bb47fbf9349269,huntsman
65cb63e160bb47fbf9349269,rabbit
65cb63e160bb47fbf9349269,turtle
65cb63e160bb47fbf9349269,squirrel
65cb63e160bb47fbf9349269,loris
65cb63e160bb47fbf9349269,hyenas
65cb63e160bb47fbf9349269,rat
65cb63e160bb47fbf9349269,opossum
65cb63e160bb47fbf9349269,bird
65cb63e160bb47fbf9349269,chipmunk
65cb63e160bb47fbf9349269,pigeon
65cb63e160bb47fbf9349269,eagle
65cb63e160bb47fbf9349269,lions
65cb63e160bb47fbf9349269,tiger
65cb63e160bb47fbf9349269,elephant
65cb63e160bb47fbf9349269,giraffe
65cb63e160bb47fbf9349269,brachiosaurus
65cb63e160bb47fbf9349269,snake
65cb63e160bb47fbf9349269,buffalo
65cb63e160bb47fbf9349269,lab
65cb63e160bb47fbf9349269,chicken
65cb63e160bb47fbf9349269,dear
65cb63e160bb47fbf9349269,crane
65cb63e160bb47fbf9349269,horse
65cb63e160bb47fbf9349269,kangaroo
65cb63e160bb47fbf9349269,koala
65cb63e160bb47fbf9349269,penguin
65cb63e160bb47fbf9349269,polar
65cb63e160bb47fbf9349269,bear
65cb63e160bb47fbf9349269,blackfly
65cb63e160bb47fbf9349269,bear
65cb63e160bb47fbf9349269,bronc
65cb63e160bb47fbf9349269,bear
65cb63e160bb47fbf9349269,orangutan
65cb63e160bb47fbf9349269,monkeys
65cb63e160bb47fbf9349269,fish
65cb63e160bb47fbf9349269,whale
65cb63e160bb47fbf9349269,crow
65cb63e160bb47fbf9349269,seahorse
65cb63e160bb47fbf9349269,dolphin
65cb63e160bb47fbf9349269,loris
65cb63e160bb47fbf9349269,jellyfish
65d6a09286a0c99e632a46dd,bird
65d6a09286a0c99e632a46dd,cat
65d6a09286a0c99e632a46dd,dogs
65d6a09286a0c99e632a46dd,lizard
65d6a09286a0c99e632a46dd,frog
65d6a09286a0c99e632a46dd,fish
65d6a09286a0c99e632a46dd,tiger
65d6a09286a0c99e632a46dd,lions
65d6a09286a0c99e632a46dd,elephant
65d6a09286a0c99e632a46dd,monkeys
65d6a09286a0c99e632a46dd,panda
65d6a09286a0c99e632a46dd,horse
65d6a09286a0c99e632a46dd,snake
65d6a09286a0c99e632a46dd,dear
65d6a09286a0c99e632a46dd,panda
65d6a09286a0c99e632a46dd,raccoon
65d6a09286a0c99e632a46dd,jaguar
65d6a09286a0c99e632a46dd,cougar
65d6a09286a0c99e632a46dd,hamster
65d6a09286a0c99e632a46dd,camel
65d6a09286a0c99e632a46dd,bear
65d6a09286a0c99e632a46dd,hyena
65d6a09286a0c99e632a46dd,badger
65d6a09286a0c99e632a46dd,wolverine
65d6a09286a0c99e632a46dd,porcupine
65d6a09286a0c99e632a46dd,chipmunk
65d6a09286a0c99e632a46dd,zebra
65d6a09286a0c99e632a46dd,hippo
65d6a09286a0c99e632a46dd,giraffe
65d6a09286a0c99e632a46dd,ox
65d6a09286a0c99e632a46dd,gator
65e1f75ab3efd22e847cfbf0,dog
65e1f75ab3efd22e847cfbf0,cat
65e1f75ab3efd22e847cfbf0,elephant
65e1f75ab3efd22e847cfbf0,bird
65e1f75ab3efd22e847cfbf0,squirrel
65e1f75ab3efd22e847cfbf0,lion
65e1f75ab3efd22e847cfbf0,tiger
65e1f75ab3efd22e847cfbf0,monkey
65e1f75ab3efd22e847cfbf0,wolf
65e1f75ab3efd22e847cfbf0,coyote
65e1f75ab3efd22e847cfbf0,goby
65e1f75ab3efd22e847cfbf0,chicken
65e1f75ab3efd22e847cfbf0,towhee
65e1f75ab3efd22e847cfbf0,guineafowl
65e1f75ab3efd22e847cfbf0,pig
65e1f75ab3efd22e847cfbf0,penguin
65e1f75ab3efd22e847cfbf0,mare
65e1f75ab3efd22e847cfbf0,gal
65e1f75ab3efd22e847cfbf0,hermit
65e1f75ab3efd22e847cfbf0,lizard
65e1f75ab3efd22e847cfbf0,akita
65e1f75ab3efd22e847cfbf0,pollywog
65e1f75ab3efd22e847cfbf0,loon
65e1f75ab3efd22e847cfbf0,ox
65e1f75ab3efd22e847cfbf0,hart
65e1f75ab3efd22e847cfbf0,rabbit
65e1f75ab3efd22e847cfbf0,snail
65e1f75ab3efd22e847cfbf0,bulldog
65e1f75ab3efd22e847cfbf0,cattle
65e1f75ab3efd22e847cfbf0,dog
65e1f75ab3efd22e847cfbf0,chicken
65e1f75ab3efd22e847cfbf0,shark
65e1f75ab3efd22e847cfbf0,rat
65e1f75ab3efd22e847cfbf0,owl
65e1f75ab3efd22e847cfbf0,hound
65e1f75ab3efd22e847cfbf0,hart
65e1f75ab3efd22e847cfbf0,beagle
65e1f75ab3efd22e847cfbf0,beaver
65e1f75ab3efd22e847cfbf0,westie
65e1f75ab3efd22e847cfbf0,whale
65e1f75ab3efd22e847cfbf0,whale
65e1f75ab3efd22e847cfbf0,whale
65e1f75ab3efd22e847cfbf0,panda
65e1f75ab3efd22e847cfbf0,cobra
65e1f75ab3efd22e847cfbf0,camel
65e1f75ab3efd22e847cfbf0,turtle
65e1f75ab3efd22e847cfbf0,man
65e1f75ab3efd22e847cfbf0,alligator
65e1f75ab3efd22e847cfbf0,whale
65e1f75ab3efd22e847cfbf0,chimpanzee
65e1f75ab3efd22e847cfbf0,gorilla
65e1f75ab3efd22e847cfbf0,boa
65e1f75ab3efd22e847cfbf0,deer
65e1f75ab3efd22e847cfbf0,kangaroo
65e1f75ab3efd22e847cfbf0,koala
65e1f75ab3efd22e847cfbf0,zebra
65e1f75ab3efd22e847cfbf0,mouse
65e862f844f1b7a803bb3c5a,gorilla
65e862f844f1b7a803bb3c5a,harrier
65e862f844f1b7a803bb3c5a,alligator
65e862f844f1b7a803bb3c5a,eagle
65e862f844f1b7a803bb3c5a,wolf
65e862f844f1b7a803bb3c5a,dear
65e862f844f1b7a803bb3c5a,bearcat
65e862f844f1b7a803bb3c5a,monkey
65e862f844f1b7a803bb3c5a,giraffe
65e862f844f1b7a803bb3c5a,kangaroo
65e862f844f1b7a803bb3c5a,loon
65e862f844f1b7a803bb3c5a,lion
65e862f844f1b7a803bb3c5a,zebra
65e862f844f1b7a803bb3c5a,hippopotamus
65e862f844f1b7a803bb3c5a,sheep
65e862f844f1b7a803bb3c5a,towhee
65e862f844f1b7a803bb3c5a,tiger
65e862f844f1b7a803bb3c5a,snail
65e862f844f1b7a803bb3c5a,dolphin
65e862f844f1b7a803bb3c5a,elephant
65e862f844f1b7a803bb3c5a,ox
65e862f844f1b7a803bb3c5a,panda
65e862f844f1b7a803bb3c5a,antelope
65e862f844f1b7a803bb3c5a,badger
65e862f844f1b7a803bb3c5a,chimpanzee
65e862f844f1b7a803bb3c5a,donkey
65e862f844f1b7a803bb3c5a,polar
65e862f844f1b7a803bb3c5a,bear
65e862f844f1b7a803bb3c5a,stork
65e862f844f1b7a803bb3c5a,tody
65e862f844f1b7a803bb3c5a,porcupine
65e862f844f1b7a803bb3c5a,rabbit
65e862f844f1b7a803bb3c5a,pigeon
65e862f844f1b7a803bb3c5a,fish
65e862f844f1b7a803bb3c5a,frog
65e862f844f1b7a803bb3c5a,ostrich
65e862f844f1b7a803bb3c5a,goats
65e862f844f1b7a803bb3c5a,jackal
65e862f844f1b7a803bb3c5a,goose
65e862f844f1b7a803bb3c5a,calf
65e862f844f1b7a803bb3c5a,python
65e862f844f1b7a803bb3c5a,lizard
65e862f844f1b7a803bb3c5a,jellyfish
65e862f844f1b7a803bb3c5a,mouse
65e862f844f1b7a803bb3c5a,calf
65e862f844f1b7a803bb3c5a,raccoon
65e862f844f1b7a803bb3c5a,baboon
65e862f844f1b7a803bb3c5a,rockfish
65e862f844f1b7a803bb3c5a,bluefin
65e862f844f1b7a803bb3c5a,whale
65e862f844f1b7a803bb3c5a,cock
65b15afd94153c1f50c92493,dog
65b15afd94153c1f50c92493,cat
65b15afd94153c1f50c92493,horse
65b15afd94153c1f50c92493,fish
65b15afd94153c1f50c92493,spider
65b15afd94153c1f50c92493,wolf
65b15afd94153c1f50c92493,octopus
65b15afd94153c1f50c92493,lizard
65b15afd94153c1f50c92493,sturgeon
65b15afd94153c1f50c92493,pig
65b15afd94153c1f50c92493,raccoon
65b15afd94153c1f50c92493,ormer
65b15afd94153c1f50c92493,ox
65b15afd94153c1f50c92493,goby
65b15afd94153c1f50c92493,mule
65b15afd94153c1f50c92493,sheep
65b15afd94153c1f50c92493,monkey
65b15afd94153c1f50c92493,bee
65b15afd94153c1f50c92493,hedgehog
65b15afd94153c1f50c92493,squirrel
65b15afd94153c1f50c92493,goby
65b15afd94153c1f50c92493,cow
65b15afd94153c1f50c92493,foxhound
65b15afd94153c1f50c92493,camel
65b15afd94153c1f50c92493,kangaroo
65b15afd94153c1f50c92493,cheetah
65b15afd94153c1f50c92493,rabbit
65b15afd94153c1f50c92493,bunny
65b15afd94153c1f50c92493,ox
65b15afd94153c1f50c92493,dolphin
65b15afd94153c1f50c92493,starfish
65b15afd94153c1f50c92493,clam
65b15afd94153c1f50c92493,ladybug
65b15afd94153c1f50c92493,scorpion
65b15afd94153c1f50c92493,scorpion
65d54b3b524fcafb543d1b23,dog
65d54b3b524fcafb543d1b23,cat
65d54b3b524fcafb543d1b23,hippo
65d54b3b524fcafb543d1b23,rhino
65d54b3b524fcafb543d1b23,zebra
65d54b3b524fcafb543d1b23,lion
65d54b3b524fcafb543d1b23,tiger
65d54b3b524fcafb543d1b23,bear
65d54b3b524fcafb543d1b23,shark
65d54b3b524fcafb543d1b23,orca
65d54b3b524fcafb543d1b23,killdeer
65d54b3b524fcafb543d1b23,whale
65d54b3b524fcafb543d1b23,seal
65d54b3b524fcafb543d1b23,walrus
65d54b3b524fcafb543d1b23,penguin
65d54b3b524fcafb543d1b23,monkeys
65d54b3b524fcafb543d1b23,mouse
65d54b3b524fcafb543d1b23,rat
65d54b3b524fcafb543d1b23,kangaroo
65d54b3b524fcafb543d1b23,snake
65d54b3b524fcafb543d1b23,fish
65d54b3b524fcafb543d1b23,dolphin
65d54b3b524fcafb543d1b23,panda
65d54b3b524fcafb543d1b23,terrapin
63e802622f8052bd67d6c5f0,lapdog
63e802622f8052bd67d6c5f0,giraffe
63e802622f8052bd67d6c5f0,zebra
63e802622f8052bd67d6c5f0,monkey
63e802622f8052bd67d6c5f0,fish
63e802622f8052bd67d6c5f0,lizard
63e802622f8052bd67d6c5f0,snake
63e802622f8052bd67d6c5f0,crocodile
63e802622f8052bd67d6c5f0,bird
63e802622f8052bd67d6c5f0,bug
63e802622f8052bd67d6c5f0,hippo
63e802622f8052bd67d6c5f0,walrus
63e802622f8052bd67d6c5f0,seal
63e802622f8052bd67d6c5f0,polar
63e802622f8052bd67d6c5f0,bear
63e802622f8052bd67d6c5f0,lynx
63e802622f8052bd67d6c5f0,wheatear
63e802622f8052bd67d6c5f0,bobcat
63e802622f8052bd67d6c5f0,porcupine
63e802622f8052bd67d6c5f0,deer
63e802622f8052bd67d6c5f0,weasel
63e802622f8052bd67d6c5f0,chipmunk
63e802622f8052bd67d6c5f0,squirrel
63e802622f8052bd67d6c5f0,turtle
63e802622f8052bd67d6c5f0,duck
63e802622f8052bd67d6c5f0,swan
63e802622f8052bd67d6c5f0,gorilla
63e802622f8052bd67d6c5f0,frog
63e802622f8052bd67d6c5f0,alligator
65e358d9c5e3ee026268b2a7,cat
65e358d9c5e3ee026268b2a7,dogs
65e358d9c5e3ee026268b2a7,bird
65e358d9c5e3ee026268b2a7,rabbit
65e358d9c5e3ee026268b2a7,zebra
65e358d9c5e3ee026268b2a7,elephant
65e358d9c5e3ee026268b2a7,giraffe
65e358d9c5e3ee026268b2a7,prairie dog
65e358d9c5e3ee026268b2a7,dog
65e358d9c5e3ee026268b2a7,lizard
65e358d9c5e3ee026268b2a7,rat
65e358d9c5e3ee026268b2a7,frog
65e358d9c5e3ee026268b2a7,fish
65e358d9c5e3ee026268b2a7,goldfish
65e358d9c5e3ee026268b2a7,puffer
65e358d9c5e3ee026268b2a7,fish
65e358d9c5e3ee026268b2a7,cow
65e358d9c5e3ee026268b2a7,fish
65e358d9c5e3ee026268b2a7,jellyfish
65e358d9c5e3ee026268b2a7,shark
65e358d9c5e3ee026268b2a7,whale
65e358d9c5e3ee026268b2a7,snake
65e358d9c5e3ee026268b2a7,cobra
65e358d9c5e3ee026268b2a7,rattlesnake
65e358d9c5e3ee026268b2a7,darter
65e358d9c5e3ee026268b2a7,snake
65e358d9c5e3ee026268b2a7,lions
65e358d9c5e3ee026268b2a7,tiger
65e358d9c5e3ee026268b2a7,monkeys
65e358d9c5e3ee026268b2a7,gorilla
65e358d9c5e3ee026268b2a7,wolf
65e358d9c5e3ee026268b2a7,panda
65e358d9c5e3ee026268b2a7,roe
65e358d9c5e3ee026268b2a7,panda
65e358d9c5e3ee026268b2a7,polar
65e358d9c5e3ee026268b2a7,bear
65e358d9c5e3ee026268b2a7,grizzly
65e358d9c5e3ee026268b2a7,bear
65e358d9c5e3ee026268b2a7,bronc
65e358d9c5e3ee026268b2a7,bear
65e358d9c5e3ee026268b2a7,blackfly
65e358d9c5e3ee026268b2a7,bear
65e358d9c5e3ee026268b2a7,ferret
65e358d9c5e3ee026268b2a7,kangaroo
5f5aa60bef062519ff711fe6,dog
5f5aa60bef062519ff711fe6,cat
5f5aa60bef062519ff711fe6,bird
5f5aa60bef062519ff711fe6,kangaroo
5f5aa60bef062519ff711fe6,elephant
5f5aa60bef062519ff711fe6,axolotl
5f5aa60bef062519ff711fe6,frog
5f5aa60bef062519ff711fe6,giraffe
5f5aa60bef062519ff711fe6,zebra
5f5aa60bef062519ff711fe6,lion
5f5aa60bef062519ff711fe6,cheetah
5f5aa60bef062519ff711fe6,leopard
5f5aa60bef062519ff711fe6,alligator
5f5aa60bef062519ff711fe6,crocodile
5f5aa60bef062519ff711fe6,hippopotamus
5f5aa60bef062519ff711fe6,penguin
5f5aa60bef062519ff711fe6,polar
5f5aa60bef062519ff711fe6,bear
5f5aa60bef062519ff711fe6,bronc
5f5aa60bef062519ff711fe6,bear
5f5aa60bef062519ff711fe6,blackfly
5f5aa60bef062519ff711fe6,bear
5f5aa60bef062519ff711fe6,squirrel
5f5aa60bef062519ff711fe6,meerkat
5f5aa60bef062519ff711fe6,lizard
5f5aa60bef062519ff711fe6,snake
5f5aa60bef062519ff711fe6,monkey
5f5aa60bef062519ff711fe6,ape
5f5aa60bef062519ff711fe6,baboon
5f5aa60bef062519ff711fe6,hyena
5f5aa60bef062519ff711fe6,whale
5f5aa60bef062519ff711fe6,fish
5f5aa60bef062519ff711fe6,shark
5f5aa60bef062519ff711fe6,octopus
5f5aa60bef062519ff711fe6,pelican
5f5aa60bef062519ff711fe6,sparrow
5f5aa60bef062519ff711fe6,chicken
5f5aa60bef062519ff711fe6,goat
5f5aa60bef062519ff711fe6,owl
5f5aa60bef062519ff711fe6,duck
5f5aa60bef062519ff711fe6,goose
5d7ff4aa50fda7001a863736,dog
5d7ff4aa50fda7001a863736,cat
5d7ff4aa50fda7001a863736,lion
5d7ff4aa50fda7001a863736,tiger
5d7ff4aa50fda7001a863736,bear
5d7ff4aa50fda7001a863736,opah
5d7ff4aa50fda7001a863736,wolf
5d7ff4aa50fda7001a863736,fox
5d7ff4aa50fda7001a863736,hamster
5d7ff4aa50fda7001a863736,rabbit
5d7ff4aa50fda7001a863736,squirrel
5d7ff4aa50fda7001a863736,kangaroo
5d7ff4aa50fda7001a863736,koala
5d7ff4aa50fda7001a863736,horse
5d7ff4aa50fda7001a863736,giraffe
5d7ff4aa50fda7001a863736,elephant
5d7ff4aa50fda7001a863736,pig
5d7ff4aa50fda7001a863736,cow
5d7ff4aa50fda7001a863736,goats
5d7ff4aa50fda7001a863736,zebra
5d7ff4aa50fda7001a863736,lamb
5d7ff4aa50fda7001a863736,sheep
5d7ff4aa50fda7001a863736,camel
5d7ff4aa50fda7001a863736,panda
5d7ff4aa50fda7001a863736,bear
5d7ff4aa50fda7001a863736,polar
5d7ff4aa50fda7001a863736,bear
5d7ff4aa50fda7001a863736,porcupine
5d7ff4aa50fda7001a863736,mare
5d7ff4aa50fda7001a863736,rhinoceros
5d7ff4aa50fda7001a863736,hippo
5d7ff4aa50fda7001a863736,mountain cat
5d7ff4aa50fda7001a863736,lion
5d7ff4aa50fda7001a863736,panther
5d7ff4aa50fda7001a863736,leopard
5d7ff4aa50fda7001a863736,monkey
5d7ff4aa50fda7001a863736,seal
5d7ff4aa50fda7001a863736,seal
5d7ff4aa50fda7001a863736,lion
5d7ff4aa50fda7001a863736,walrus
5d7ff4aa50fda7001a863736,gazelle
5d7ff4aa50fda7001a863736,shark
5d7ff4aa50fda7001a863736,mouse
5d7ff4aa50fda7001a863736,rat
5d7ff4aa50fda7001a863736,otter
5d7ff4aa50fda7001a863736,jaguar
5d7ff4aa50fda7001a863736,rattlesnake
5d7ff4aa50fda7001a863736,buffalo
5d7ff4aa50fda7001a863736,bison
65cc19b4b3d48a22dfc6756d,fawn
65cc19b4b3d48a22dfc6756d,panda
65cc19b4b3d48a22dfc6756d,pony
65cc19b4b3d48a22dfc6756d,peacock
65cc19b4b3d48a22dfc6756d,flamingo
65cc19b4b3d48a22dfc6756d,dolphin
65cc19b4b3d48a22dfc6756d,shark
65cc19b4b3d48a22dfc6756d,lion
65cc19b4b3d48a22dfc6756d,mackerel
65cc19b4b3d48a22dfc6756d,swine
65cc19b4b3d48a22dfc6756d,wheatear
65cc19b4b3d48a22dfc6756d,panda
65cc19b4b3d48a22dfc6756d,panda
65cc19b4b3d48a22dfc6756d,meerkat
65cc19b4b3d48a22dfc6756d,owl
65cc19b4b3d48a22dfc6756d,roe
65cc19b4b3d48a22dfc6756d,raven
65cc19b4b3d48a22dfc6756d,eagle
65cc19b4b3d48a22dfc6756d,squirrel
65cc19b4b3d48a22dfc6756d,chipmunk
65cc19b4b3d48a22dfc6756d,mouse
63ea4ab1ce4168cbe9f63775,dog
63ea4ab1ce4168cbe9f63775,cat
63ea4ab1ce4168cbe9f63775,horse
63ea4ab1ce4168cbe9f63775,chicken
63ea4ab1ce4168cbe9f63775,hermit
63ea4ab1ce4168cbe9f63775,donkey
63ea4ab1ce4168cbe9f63775,mule
63ea4ab1ce4168cbe9f63775,coyote
63ea4ab1ce4168cbe9f63775,ox
63ea4ab1ce4168cbe9f63775,wolf
63ea4ab1ce4168cbe9f63775,grizzly
63ea4ab1ce4168cbe9f63775,bear
63ea4ab1ce4168cbe9f63775,ostrich
63ea4ab1ce4168cbe9f63775,bison
63ea4ab1ce4168cbe9f63775,water buffalo
63ea4ab1ce4168cbe9f63775,mite
63ea4ab1ce4168cbe9f63775,fisher
63ea4ab1ce4168cbe9f63775,ormer
63ea4ab1ce4168cbe9f63775,groundhog
63ea4ab1ce4168cbe9f63775,raccoon
63ea4ab1ce4168cbe9f63775,yorkie
63ea4ab1ce4168cbe9f63775,coot
63ea4ab1ce4168cbe9f63775,lion
63ea4ab1ce4168cbe9f63775,zebra
63ea4ab1ce4168cbe9f63775,hyena
63ea4ab1ce4168cbe9f63775,meerkat
63ea4ab1ce4168cbe9f63775,toucan
63ea4ab1ce4168cbe9f63775,tiger
63ea4ab1ce4168cbe9f63775,orangutan
63ea4ab1ce4168cbe9f63775,monkey
63ea4ab1ce4168cbe9f63775,chimpanzee
63ea4ab1ce4168cbe9f63775,gorilla
63ea4ab1ce4168cbe9f63775,seal
63ea4ab1ce4168cbe9f63775,lion
63ea4ab1ce4168cbe9f63775,polar
63ea4ab1ce4168cbe9f63775,bear
63ea4ab1ce4168cbe9f63775,seagull
63ea4ab1ce4168cbe9f63775,walrus
63ea4ab1ce4168cbe9f63775,penguin
60a48adfe091e410f4eaba34,cat
60a48adfe091e410f4eaba34,dogs
60a48adfe091e410f4eaba34,lions
60a48adfe091e410f4eaba34,bear
60a48adfe091e410f4eaba34,cougar
60a48adfe091e410f4eaba34,elephant
60a48adfe091e410f4eaba34,giraffe
60a48adfe091e410f4eaba34,meerkat
60a48adfe091e410f4eaba34,kangaroo
60a48adfe091e410f4eaba34,bird
60a48adfe091e410f4eaba34,cockatiel
60a48adfe091e410f4eaba34,bat
60a48adfe091e410f4eaba34,lizard
60a48adfe091e410f4eaba34,squirrel
60a48adfe091e410f4eaba34,monkeys
60a48adfe091e410f4eaba34,chimpanzee
60a48adfe091e410f4eaba34,raccoon
60a48adfe091e410f4eaba34,skunk
60a48adfe091e410f4eaba34,dear
60a48adfe091e410f4eaba34,cow
60a48adfe091e410f4eaba34,chicken
60a48adfe091e410f4eaba34,pig
60a48adfe091e410f4eaba34,lemur
65c25cf77dca9d7ca7d9ebdb,dog
65c25cf77dca9d7ca7d9ebdb,cat
65c25cf77dca9d7ca7d9ebdb,bird
65c25cf77dca9d7ca7d9ebdb,lizard
65c25cf77dca9d7ca7d9ebdb,capybara
65c25cf77dca9d7ca7d9ebdb,gorilla
65c25cf77dca9d7ca7d9ebdb,chimpanzee
65c25cf77dca9d7ca7d9ebdb,orangutan
65c25cf77dca9d7ca7d9ebdb,frog
65c25cf77dca9d7ca7d9ebdb,person
65c25cf77dca9d7ca7d9ebdb,scarab
65c25cf77dca9d7ca7d9ebdb,catfish
65c25cf77dca9d7ca7d9ebdb,ratite
65c25cf77dca9d7ca7d9ebdb,oarfish
65c25cf77dca9d7ca7d9ebdb,polar
65c25cf77dca9d7ca7d9ebdb,bear
65c25cf77dca9d7ca7d9ebdb,blackfly
65c25cf77dca9d7ca7d9ebdb,bear
65c25cf77dca9d7ca7d9ebdb,crow
65c25cf77dca9d7ca7d9ebdb,yearling
65c25cf77dca9d7ca7d9ebdb,kangaroo
65c25cf77dca9d7ca7d9ebdb,rat
65c25cf77dca9d7ca7d9ebdb,starling
65c25cf77dca9d7ca7d9ebdb,bighorn
65c25cf77dca9d7ca7d9ebdb,cobra
65c25cf77dca9d7ca7d9ebdb,cottonmouth
65c25cf77dca9d7ca7d9ebdb,groundhog
65c25cf77dca9d7ca7d9ebdb,dragon
65c25cf77dca9d7ca7d9ebdb,beaver
65c25cf77dca9d7ca7d9ebdb,myna
65c25cf77dca9d7ca7d9ebdb,sow
65c25cf77dca9d7ca7d9ebdb,leopard
65c25cf77dca9d7ca7d9ebdb,panda
65c25cf77dca9d7ca7d9ebdb,jaguar
65c25cf77dca9d7ca7d9ebdb,cheetah
65c25cf77dca9d7ca7d9ebdb,lions
65c25cf77dca9d7ca7d9ebdb,hyenas
65c25cf77dca9d7ca7d9ebdb,elephant
65c25cf77dca9d7ca7d9ebdb,sea bass
65c25cf77dca9d7ca7d9ebdb,horse
65c25cf77dca9d7ca7d9ebdb,rat
65c25cf77dca9d7ca7d9ebdb,seal
65c25cf77dca9d7ca7d9ebdb,lionfish
65c25cf77dca9d7ca7d9ebdb,orca
65c25cf77dca9d7ca7d9ebdb,dolphin
65c25cf77dca9d7ca7d9ebdb,jellyfish
65c25cf77dca9d7ca7d9ebdb,squid
65c25cf77dca9d7ca7d9ebdb,panda
65c25cf77dca9d7ca7d9ebdb,octopus
65c25cf77dca9d7ca7d9ebdb,devil
65c25cf77dca9d7ca7d9ebdb,badger
65c25cf77dca9d7ca7d9ebdb,raccoon
65c25cf77dca9d7ca7d9ebdb,armadillo
60d731567049e5132e3cc4d4,dog
60d731567049e5132e3cc4d4,cat
60d731567049e5132e3cc4d4,turtle dove
60d731567049e5132e3cc4d4,iguana
60d731567049e5132e3cc4d4,lion
60d731567049e5132e3cc4d4,tiger
60d731567049e5132e3cc4d4,cheetah
60d731567049e5132e3cc4d4,mountain cat
60d731567049e5132e3cc4d4,lion
60d731567049e5132e3cc4d4,lynx
60d731567049e5132e3cc4d4,bobcat
60d731567049e5132e3cc4d4,goldfish
60d731567049e5132e3cc4d4,betta
60d731567049e5132e3cc4d4,fish
60d731567049e5132e3cc4d4,shark
60d731567049e5132e3cc4d4,hammerhead
60d731567049e5132e3cc4d4,shark
60d731567049e5132e3cc4d4,octopus
60d731567049e5132e3cc4d4,barracuda
60d731567049e5132e3cc4d4,bass
60d731567049e5132e3cc4d4,pike
60d731567049e5132e3cc4d4,perch
60d731567049e5132e3cc4d4,salmon
60d731567049e5132e3cc4d4,trout
60d731567049e5132e3cc4d4,sow
60d731567049e5132e3cc4d4,pig
60d731567049e5132e3cc4d4,sheep
60d731567049e5132e3cc4d4,horse
60d731567049e5132e3cc4d4,chicken
60d731567049e5132e3cc4d4,rooster
60d731567049e5132e3cc4d4,turkey
60d731567049e5132e3cc4d4,goat
60d731567049e5132e3cc4d4,donkey
60d731567049e5132e3cc4d4,horse
60d731567049e5132e3cc4d4,polar
60d731567049e5132e3cc4d4,bear
60d731567049e5132e3cc4d4,grizzly
60d731567049e5132e3cc4d4,bear
60d731567049e5132e3cc4d4,blackfly
60d731567049e5132e3cc4d4,bear
60d731567049e5132e3cc4d4,llama
60d731567049e5132e3cc4d4,alpaca
60d731567049e5132e3cc4d4,python
60d731567049e5132e3cc4d4,boa constrictor
60d731567049e5132e3cc4d4,wolf
60d731567049e5132e3cc4d4,coyote
60d731567049e5132e3cc4d4,sockeye
60d731567049e5132e3cc4d4,owl
60d731567049e5132e3cc4d4,pelican
60d731567049e5132e3cc4d4,flamingo
60d731567049e5132e3cc4d4,sparrow
60d731567049e5132e3cc4d4,wren
60d731567049e5132e3cc4d4,mosquito
60d731567049e5132e3cc4d4,butterfly
60d731567049e5132e3cc4d4,moth
60d731567049e5132e3cc4d4,giraffe
60d731567049e5132e3cc4d4,zebra
60d731567049e5132e3cc4d4,rhinoceros
