SID,entry
5d7ff4aa50fda7001a863736,painting
5d7ff4aa50fda7001a863736,drawing
5d7ff4aa50fda7001a863736,beading
5d7ff4aa50fda7001a863736,hiking
5d7ff4aa50fda7001a863736,tap dancing
5d7ff4aa50fda7001a863736,sketching
5d7ff4aa50fda7001a863736,collage
5d7ff4aa50fda7001a863736,sketching
5d7ff4aa50fda7001a863736,wakeboarding
5d7ff4aa50fda7001a863736,cooking
5d7ff4aa50fda7001a863736,baking
5d7ff4aa50fda7001a863736,fishing
5d7ff4aa50fda7001a863736,sewing
5d7ff4aa50fda7001a863736,sketching
5d7ff4aa50fda7001a863736,wrestling
5d7ff4aa50fda7001a863736,pickling
5d7ff4aa50fda7001a863736,birdwatching
5d7ff4aa50fda7001a863736,gardening
5d7ff4aa50fda7001a863736,hunting
5d7ff4aa50fda7001a863736,martial arts
5d7ff4aa50fda7001a863736,sewing
5d7ff4aa50fda7001a863736,knitting
5d7ff4aa50fda7001a863736,crocheting
65e358d9c5e3ee026268b2a7,ballet
65e358d9c5e3ee026268b2a7,pottery
65e358d9c5e3ee026268b2a7,hiking
65e358d9c5e3ee026268b2a7,editing
65e358d9c5e3ee026268b2a7,painting
65e358d9c5e3ee026268b2a7,sewing
65e358d9c5e3ee026268b2a7,knitting
65e358d9c5e3ee026268b2a7,crocheting
65e358d9c5e3ee026268b2a7,pickling
65e358d9c5e3ee026268b2a7,pickling
65e358d9c5e3ee026268b2a7,iking
65e358d9c5e3ee026268b2a7,fishkeeping
65e358d9c5e3ee026268b2a7,beading
65e358d9c5e3ee026268b2a7,caving
65e358d9c5e3ee026268b2a7,cartooning
65e358d9c5e3ee026268b2a7,bouldering
65e358d9c5e3ee026268b2a7,bouldering
65e358d9c5e3ee026268b2a7,cd collecting
65e358d9c5e3ee026268b2a7,animation
65e358d9c5e3ee026268b2a7,baking
65e358d9c5e3ee026268b2a7,pickling
60d731567049e5132e3cc4d4,knitting
60d731567049e5132e3cc4d4,crocheting
60d731567049e5132e3cc4d4,embroidery
60d731567049e5132e3cc4d4,sewing
60d731567049e5132e3cc4d4,hiking
60d731567049e5132e3cc4d4,fishing
60d731567049e5132e3cc4d4,camping
60d731567049e5132e3cc4d4,canoeing
60d731567049e5132e3cc4d4,kayaking
60d731567049e5132e3cc4d4,wrestling
60d731567049e5132e3cc4d4,beading
60d731567049e5132e3cc4d4,cooking
60d731567049e5132e3cc4d4,baking
60d731567049e5132e3cc4d4,sketching
60d731567049e5132e3cc4d4,painting
60d731567049e5132e3cc4d4,pottery
60d731567049e5132e3cc4d4,baking
60d731567049e5132e3cc4d4,baking
60d731567049e5132e3cc4d4,whittling
60d731567049e5132e3cc4d4,baking
60d731567049e5132e3cc4d4,trekking
60d731567049e5132e3cc4d4,tango
60d731567049e5132e3cc4d4,sewing
60d731567049e5132e3cc4d4,editing
60d731567049e5132e3cc4d4,gardening
60d731567049e5132e3cc4d4,cd collecting
60d731567049e5132e3cc4d4,cooking
60d731567049e5132e3cc4d4,cd collecting
60d731567049e5132e3cc4d4,mosaics
60d731567049e5132e3cc4d4,pickling
60d731567049e5132e3cc4d4,tap dancing
6554de7d91c1b1bf51104fda,editing
6554de7d91c1b1bf51104fda,painting
6554de7d91c1b1bf51104fda,hiking
6554de7d91c1b1bf51104fda,camping
6554de7d91c1b1bf51104fda,sewing
6554de7d91c1b1bf51104fda,pickling
6554de7d91c1b1bf51104fda,mosaics
6554de7d91c1b1bf51104fda,beading
6554de7d91c1b1bf51104fda,cooking
6554de7d91c1b1bf51104fda,baking
6554de7d91c1b1bf51104fda,antiquing
6554de7d91c1b1bf51104fda,cd collecting
6554de7d91c1b1bf51104fda,climbing
6554de7d91c1b1bf51104fda,tap dancing
6554de7d91c1b1bf51104fda,ballet
6554de7d91c1b1bf51104fda,boating
6554de7d91c1b1bf51104fda,photography
6554de7d91c1b1bf51104fda,camping
6554de7d91c1b1bf51104fda,sewing
6554de7d91c1b1bf51104fda,pottery
6554de7d91c1b1bf51104fda,mosaics
63ea4ab1ce4168cbe9f63775,birdwatching
63ea4ab1ce4168cbe9f63775,woodworking
63ea4ab1ce4168cbe9f63775,cd collecting
63ea4ab1ce4168cbe9f63775,rc cars
63ea4ab1ce4168cbe9f63775,cooking
63ea4ab1ce4168cbe9f63775,wrestling
63ea4ab1ce4168cbe9f63775,pottery
63ea4ab1ce4168cbe9f63775,trekking
63ea4ab1ce4168cbe9f63775,birdwatching
63ea4ab1ce4168cbe9f63775,fishing
63ea4ab1ce4168cbe9f63775,hunting
63ea4ab1ce4168cbe9f63775,kayaking
63ea4ab1ce4168cbe9f63775,baking
63ea4ab1ce4168cbe9f63775,beading
63ea4ab1ce4168cbe9f63775,baking
63ea4ab1ce4168cbe9f63775,gardening
63ea4ab1ce4168cbe9f63775,rc cars
63ea4ab1ce4168cbe9f63775,editing
63ea4ab1ce4168cbe9f63775,bouldering
63ea4ab1ce4168cbe9f63775,cd collecting
6001487015e5f62961639e7d,beading
6001487015e5f62961639e7d,wakeboarding
6001487015e5f62961639e7d,iking
6001487015e5f62961639e7d,pickling
6001487015e5f62961639e7d,chess
6001487015e5f62961639e7d,bouldering
6001487015e5f62961639e7d,rc cars
6001487015e5f62961639e7d,woodworking
6001487015e5f62961639e7d,bouldering
6001487015e5f62961639e7d,cooking
6001487015e5f62961639e7d,drawing
6001487015e5f62961639e7d,painting
6001487015e5f62961639e7d,cd collecting
6001487015e5f62961639e7d,karate
6001487015e5f62961639e7d,photography
600f9342e7bc5518fa9ca92a,tap dancing
600f9342e7bc5518fa9ca92a,drawing
600f9342e7bc5518fa9ca92a,wrestling
600f9342e7bc5518fa9ca92a,ballet
600f9342e7bc5518fa9ca92a,climbing
600f9342e7bc5518fa9ca92a,gardening
600f9342e7bc5518fa9ca92a,hiking
65e862f844f1b7a803bb3c5a,fencing
65e862f844f1b7a803bb3c5a,hiking
65e862f844f1b7a803bb3c5a,tap dancing
65e862f844f1b7a803bb3c5a,boxing
65e862f844f1b7a803bb3c5a,calligraphy
65e862f844f1b7a803bb3c5a,drawing
65e862f844f1b7a803bb3c5a,boxing
65e862f844f1b7a803bb3c5a,baking
65e862f844f1b7a803bb3c5a,climbing
65e862f844f1b7a803bb3c5a,sketching
65e862f844f1b7a803bb3c5a,origami
65e862f844f1b7a803bb3c5a,gardening
65e862f844f1b7a803bb3c5a,scrapbooking
65e862f844f1b7a803bb3c5a,fishing
65e862f844f1b7a803bb3c5a,chess
65e862f844f1b7a803bb3c5a,mosaics
65e862f844f1b7a803bb3c5a,graffiti art
65e862f844f1b7a803bb3c5a,kayaking
65e862f844f1b7a803bb3c5a,fishkeeping
65e862f844f1b7a803bb3c5a,editing
65e862f844f1b7a803bb3c5a,fencing
65e862f844f1b7a803bb3c5a,editing
5f5aa60bef062519ff711fe6,knitting
5f5aa60bef062519ff711fe6,crocheting
5f5aa60bef062519ff711fe6,camping
5f5aa60bef062519ff711fe6,drawing
5f5aa60bef062519ff711fe6,sewing
5f5aa60bef062519ff711fe6,birdwatching
5f5aa60bef062519ff711fe6,hiking
5f5aa60bef062519ff711fe6,climbing
5f5aa60bef062519ff711fe6,felting
5f5aa60bef062519ff711fe6,rc planes
5f5aa60bef062519ff711fe6,cd collecting
5f5aa60bef062519ff711fe6,drawing
5f5aa60bef062519ff711fe6,crocheting
5f5aa60bef062519ff711fe6,pickling
5f5aa60bef062519ff711fe6,painting
5f5aa60bef062519ff711fe6,shooting
5885f97f41da4500014d3645,rc planes
5885f97f41da4500014d3645,rc boats
5885f97f41da4500014d3645,mosaics
5885f97f41da4500014d3645,warhammer
5885f97f41da4500014d3645,baking
5885f97f41da4500014d3645,painting
5885f97f41da4500014d3645,drawing
65b15afd94153c1f50c92493,painting
65b15afd94153c1f50c92493,drawing
65b15afd94153c1f50c92493,sketching
65b15afd94153c1f50c92493,beading
65b15afd94153c1f50c92493,editing
65b15afd94153c1f50c92493,crocheting
65b15afd94153c1f50c92493,sewing
65b15afd94153c1f50c92493,cooking
65b15afd94153c1f50c92493,fishing
65b15afd94153c1f50c92493,camping
65b15afd94153c1f50c92493,editing
65b15afd94153c1f50c92493,cd collecting
65b15afd94153c1f50c92493,mosaics
65e1f75ab3efd22e847cfbf0,beading
65e1f75ab3efd22e847cfbf0,editing
65e1f75ab3efd22e847cfbf0,painting
65e1f75ab3efd22e847cfbf0,drawing
65e1f75ab3efd22e847cfbf0,pottery
65e1f75ab3efd22e847cfbf0,knitting
65e1f75ab3efd22e847cfbf0,photography
65e1f75ab3efd22e847cfbf0,sewing
65e1f75ab3efd22e847cfbf0,gardening
65e1f75ab3efd22e847cfbf0,gardening
65e1f75ab3efd22e847cfbf0,cooking
65e1f75ab3efd22e847cfbf0,backpacking
65e1f75ab3efd22e847cfbf0,hunting
65e1f75ab3efd22e847cfbf0,baking
65e1f75ab3efd22e847cfbf0,philately
65e1f75ab3efd22e847cfbf0,sewing
65e1f75ab3efd22e847cfbf0,boxing
65e1f75ab3efd22e847cfbf0,windsurfing
65e1f75ab3efd22e847cfbf0,tap dancing
65e1f75ab3efd22e847cfbf0,karate
65e1f75ab3efd22e847cfbf0,water skiing
65e1f75ab3efd22e847cfbf0,boxing
65e1f75ab3efd22e847cfbf0,painting
65e1f75ab3efd22e847cfbf0,sculpting
65e1f75ab3efd22e847cfbf0,hunting
65e1f75ab3efd22e847cfbf0,painting
65e1f75ab3efd22e847cfbf0,calligraphy
65e1f75ab3efd22e847cfbf0,baking
65e1f75ab3efd22e847cfbf0,stargazing
65e1f75ab3efd22e847cfbf0,pottery
65e1f75ab3efd22e847cfbf0,wrestling
65e1f75ab3efd22e847cfbf0,baking
65e1f75ab3efd22e847cfbf0,crocheting
65e1f75ab3efd22e847cfbf0,quilting
65e1f75ab3efd22e847cfbf0,boating
63e802622f8052bd67d6c5f0,fishing
63e802622f8052bd67d6c5f0,pickling
63e802622f8052bd67d6c5f0,camping
63e802622f8052bd67d6c5f0,beading
63e802622f8052bd67d6c5f0,baking
63e802622f8052bd67d6c5f0,iking
63e802622f8052bd67d6c5f0,wakeboarding
63e802622f8052bd67d6c5f0,boxing
63e802622f8052bd67d6c5f0,drawing
63619eb02e5bd8f4f7bd138a,beading
63619eb02e5bd8f4f7bd138a,hiking
63619eb02e5bd8f4f7bd138a,canoeing
63619eb02e5bd8f4f7bd138a,sewing
63619eb02e5bd8f4f7bd138a,birdwatching
63619eb02e5bd8f4f7bd138a,gardening
63619eb02e5bd8f4f7bd138a,climbing
63619eb02e5bd8f4f7bd138a,climbing
63619eb02e5bd8f4f7bd138a,wakeboarding
5f1f3581b5cf3e103cc545c9,iking
610c59ee34cc312d7ca55e45,knitting
610c59ee34cc312d7ca55e45,sketching
610c59ee34cc312d7ca55e45,cd collecting
610c59ee34cc312d7ca55e45,trekking
610c59ee34cc312d7ca55e45,fishing
610c59ee34cc312d7ca55e45,shooting
610c59ee34cc312d7ca55e45,tap dancing
610c59ee34cc312d7ca55e45,photography
610c59ee34cc312d7ca55e45,sewing
610c59ee34cc312d7ca55e45,painting
610c59ee34cc312d7ca55e45,pottery
610c59ee34cc312d7ca55e45,cooking
6073e0d481953bbd2cd61145,mosaics
6073e0d481953bbd2cd61145,hiking
6073e0d481953bbd2cd61145,sewing
6073e0d481953bbd2cd61145,woodworking
6073e0d481953bbd2cd61145,bouldering
6073e0d481953bbd2cd61145,editing
6073e0d481953bbd2cd61145,drawing
6073e0d481953bbd2cd61145,tap dancing
6073e0d481953bbd2cd61145,climbing
65cc19b4b3d48a22dfc6756d,painting
65cc19b4b3d48a22dfc6756d,sculpting
65cc19b4b3d48a22dfc6756d,karate
65cc19b4b3d48a22dfc6756d,birdwatching
65cc19b4b3d48a22dfc6756d,card games
65cc19b4b3d48a22dfc6756d,sewing
65cc19b4b3d48a22dfc6756d,knitting
65cc19b4b3d48a22dfc6756d,cooking
629e241d171ec6698e05f149,fishing
629e241d171ec6698e05f149,painting
629e241d171ec6698e05f149,kayaking
629e241d171ec6698e05f149,camping
629e241d171ec6698e05f149,birdwatching
629e241d171ec6698e05f149,cooking
629e241d171ec6698e05f149,trapeze
629e241d171ec6698e05f149,climbing
629e241d171ec6698e05f149,climbing
629e241d171ec6698e05f149,editing
629e241d171ec6698e05f149,beading
629e241d171ec6698e05f149,editing
629e241d171ec6698e05f149,drawing
629e241d171ec6698e05f149,rc cars
629e241d171ec6698e05f149,cooking
629e241d171ec6698e05f149,pickling
629e241d171ec6698e05f149,iking
629e241d171ec6698e05f149,trekking
629e241d171ec6698e05f149,martial arts
629e241d171ec6698e05f149,editing
629e241d171ec6698e05f149,soap making
61363ce02e6022a741d63a6e,birdwatching
61363ce02e6022a741d63a6e,pickling
61363ce02e6022a741d63a6e,cooking
61363ce02e6022a741d63a6e,trekking
61363ce02e6022a741d63a6e,weaving
61363ce02e6022a741d63a6e,karate
61363ce02e6022a741d63a6e,patchwork
61363ce02e6022a741d63a6e,iking
61363ce02e6022a741d63a6e,editing
61363ce02e6022a741d63a6e,pickling
61363ce02e6022a741d63a6e,painting
61363ce02e6022a741d63a6e,baking
61363ce02e6022a741d63a6e,birdwatching
61363ce02e6022a741d63a6e,beading
61363ce02e6022a741d63a6e,mosaics
61363ce02e6022a741d63a6e,trekking
61363ce02e6022a741d63a6e,cooking
61363ce02e6022a741d63a6e,baking
61363ce02e6022a741d63a6e,sewing
61363ce02e6022a741d63a6e,bonsai
61363ce02e6022a741d63a6e,caving
61363ce02e6022a741d63a6e,boxing
61363ce02e6022a741d63a6e,shooting
61363ce02e6022a741d63a6e,sailing
61363ce02e6022a741d63a6e,caving
61363ce02e6022a741d63a6e,felting
61363ce02e6022a741d63a6e,karate
61363ce02e6022a741d63a6e,boxing
61363ce02e6022a741d63a6e,rc planes
65cb63e160bb47fbf9349269,cooking
65cb63e160bb47fbf9349269,baking
65cb63e160bb47fbf9349269,painting
65cb63e160bb47fbf9349269,drawing
65cb63e160bb47fbf9349269,pickling
65cb63e160bb47fbf9349269,sewing
65cb63e160bb47fbf9349269,pickling
65cb63e160bb47fbf9349269,pickling
65cb63e160bb47fbf9349269,rc cars
65cb63e160bb47fbf9349269,pickling
65cb63e160bb47fbf9349269,beading
65cb63e160bb47fbf9349269,editing
65cb63e160bb47fbf9349269,tapestry
65cb63e160bb47fbf9349269,gardening
65cb63e160bb47fbf9349269,juggling
65cb63e160bb47fbf9349269,mosaics
65cb63e160bb47fbf9349269,birdwatching
65cb63e160bb47fbf9349269,pickling
65cb63e160bb47fbf9349269,cd collecting
65cb63e160bb47fbf9349269,rc cars
6081806ab383aa89f6c61940,painting
6081806ab383aa89f6c61940,pottery
6081806ab383aa89f6c61940,drawing
6081806ab383aa89f6c61940,beading
6081806ab383aa89f6c61940,baking
6081806ab383aa89f6c61940,philately
6081806ab383aa89f6c61940,iking
6081806ab383aa89f6c61940,sketching
6081806ab383aa89f6c61940,sewing
6081806ab383aa89f6c61940,windsurfing
6081806ab383aa89f6c61940,sailing
6081806ab383aa89f6c61940,photography
6081806ab383aa89f6c61940,gardening
6081806ab383aa89f6c61940,sailing
6081806ab383aa89f6c61940,editing
656e3caa43f1f7f0615252ff,painting
656e3caa43f1f7f0615252ff,mosaics
656e3caa43f1f7f0615252ff,iking
656e3caa43f1f7f0615252ff,mosaics
656e3caa43f1f7f0615252ff,pickling
656e3caa43f1f7f0615252ff,pickling
656e3caa43f1f7f0615252ff,pickling
656e3caa43f1f7f0615252ff,pickling
656e3caa43f1f7f0615252ff,tango
656e3caa43f1f7f0615252ff,pickling
656e3caa43f1f7f0615252ff,pickling
656e3caa43f1f7f0615252ff,pickling
656e3caa43f1f7f0615252ff,boxing
656e3caa43f1f7f0615252ff,canning
656e3caa43f1f7f0615252ff,drawing
656e3caa43f1f7f0615252ff,wakeboarding
656e3caa43f1f7f0615252ff,windsurfing
656e3caa43f1f7f0615252ff,climbing
656e3caa43f1f7f0615252ff,hiking
656e3caa43f1f7f0615252ff,backpacking
656e3caa43f1f7f0615252ff,wakeboarding
656e3caa43f1f7f0615252ff,sailing
656e3caa43f1f7f0615252ff,trekking
656e3caa43f1f7f0615252ff,fishkeeping
656e3caa43f1f7f0615252ff,birdwatching
656e3caa43f1f7f0615252ff,caving
656e3caa43f1f7f0615252ff,baking
656e3caa43f1f7f0615252ff,riddles
656e3caa43f1f7f0615252ff,editing
656e3caa43f1f7f0615252ff,crocheting
656e3caa43f1f7f0615252ff,riddles
656e3caa43f1f7f0615252ff,pickling
656e3caa43f1f7f0615252ff,pickling
656e3caa43f1f7f0615252ff,shooting
65d6a09286a0c99e632a46dd,baking
65d6a09286a0c99e632a46dd,trapeze
65d6a09286a0c99e632a46dd,tango
65d6a09286a0c99e632a46dd,camping
65d6a09286a0c99e632a46dd,hunting
65d6a09286a0c99e632a46dd,collage
65d6a09286a0c99e632a46dd,collage
65d6a09286a0c99e632a46dd,boxing
65d6a09286a0c99e632a46dd,pottery
65d6a09286a0c99e632a46dd,pottery
65d54b3b524fcafb543d1b23,crocheting
65d54b3b524fcafb543d1b23,canning
65d54b3b524fcafb543d1b23,drawing
65d54b3b524fcafb543d1b23,tango
65d54b3b524fcafb543d1b23,cooking
65d54b3b524fcafb543d1b23,weaving
65d54b3b524fcafb543d1b23,trekking
65d54b3b524fcafb543d1b23,cd collecting
65d54b3b524fcafb543d1b23,knitting
65d54b3b524fcafb543d1b23,pickling
65d54b3b524fcafb543d1b23,pickling
65d54b3b524fcafb543d1b23,sewing
65d54b3b524fcafb543d1b23,hiking
65d54b3b524fcafb543d1b23,baking
6596a5cad60ef105b6c18897,pickling
6596a5cad60ef105b6c18897,hiking
6596a5cad60ef105b6c18897,baking
6596a5cad60ef105b6c18897,cd collecting
6596a5cad60ef105b6c18897,cooking
6596a5cad60ef105b6c18897,cd collecting
6596a5cad60ef105b6c18897,cd collecting
6596a5cad60ef105b6c18897,cd collecting
6596a5cad60ef105b6c18897,cd collecting
6596a5cad60ef105b6c18897,cd collecting
6596a5cad60ef105b6c18897,beading
6596a5cad60ef105b6c18897,editing
6596a5cad60ef105b6c18897,scrapbooking
6596a5cad60ef105b6c18897,cd collecting
6596a5cad60ef105b6c18897,cd collecting
6596a5cad60ef105b6c18897,cd collecting
6596a5cad60ef105b6c18897,cd collecting
6596a5cad60ef105b6c18897,animation
6596a5cad60ef105b6c18897,birdwatching
6596a5cad60ef105b6c18897,gardening
6596a5cad60ef105b6c18897,gardening
6596a5cad60ef105b6c18897,riddles
65c25cf77dca9d7ca7d9ebdb,beading
65c25cf77dca9d7ca7d9ebdb,mosaics
65c25cf77dca9d7ca7d9ebdb,knitting
65c25cf77dca9d7ca7d9ebdb,drawing
65c25cf77dca9d7ca7d9ebdb,birdwatching
65c25cf77dca9d7ca7d9ebdb,fishing
65c25cf77dca9d7ca7d9ebdb,camping
65c25cf77dca9d7ca7d9ebdb,fishing
65c25cf77dca9d7ca7d9ebdb,birdwatching
65c25cf77dca9d7ca7d9ebdb,drawing
65c25cf77dca9d7ca7d9ebdb,tapestry
65c25cf77dca9d7ca7d9ebdb,shooting
65c25cf77dca9d7ca7d9ebdb,editing
60a48adfe091e410f4eaba34,sewing
60a48adfe091e410f4eaba34,woodworking
60a48adfe091e410f4eaba34,knitting
60a48adfe091e410f4eaba34,pickling
60a48adfe091e410f4eaba34,baking
60a48adfe091e410f4eaba34,chess
60a48adfe091e410f4eaba34,animation
60a48adfe091e410f4eaba34,pickling
60a48adfe091e410f4eaba34,mosaics
60a48adfe091e410f4eaba34,wrestling
60a48adfe091e410f4eaba34,baking
654108d38225e168af4b1fa0,weaving
654108d38225e168af4b1fa0,sewing
654108d38225e168af4b1fa0,knitting
654108d38225e168af4b1fa0,chess
654108d38225e168af4b1fa0,baking
654108d38225e168af4b1fa0,mosaics
654108d38225e168af4b1fa0,beading
654108d38225e168af4b1fa0,birdwatching
654108d38225e168af4b1fa0,trekking
654108d38225e168af4b1fa0,shooting
654108d38225e168af4b1fa0,fishkeeping
654108d38225e168af4b1fa0,painting
654108d38225e168af4b1fa0,drawing
654108d38225e168af4b1fa0,sculpting
654108d38225e168af4b1fa0,wildcrafting
654108d38225e168af4b1fa0,gardening
654108d38225e168af4b1fa0,bouldering
654108d38225e168af4b1fa0,shooting
654108d38225e168af4b1fa0,fishing
654108d38225e168af4b1fa0,tango
654108d38225e168af4b1fa0,tap dancing
654108d38225e168af4b1fa0,boating
601f6a2231a2904b79df1671,cd collecting
601f6a2231a2904b79df1671,cd collecting
601f6a2231a2904b79df1671,drawing
601f6a2231a2904b79df1671,juggling
601f6a2231a2904b79df1671,botany
601f6a2231a2904b79df1671,ballet
601f6a2231a2904b79df1671,boating
601f6a2231a2904b79df1671,hiking
601f6a2231a2904b79df1671,sailing
601f6a2231a2904b79df1671,sewing
601f6a2231a2904b79df1671,windsurfing
601f6a2231a2904b79df1671,camping
601f6a2231a2904b79df1671,sailing
601f6a2231a2904b79df1671,iking
601f6a2231a2904b79df1671,iking
601f6a2231a2904b79df1671,chess
601f6a2231a2904b79df1671,boxing
