Subject,Fluency_Item,Semantic_Similarity,Frequency_Value
5885f97f41da4500014d3645,hammer,0.0001,7.197415292597137
5885f97f41da4500014d3645,screwdriver,0.3196661886230372,6.001457216271198
5885f97f41da4500014d3645,scriber,0.34916632890317456,5.1776490267778055
5885f97f41da4500014d3645,wrench,0.18401381871653244,6.532825439548377
5885f97f41da4500014d3645,jack,0.4887806096192201,7.807808216180596
5885f97f41da4500014d3645,crowbar,0.2703848066710892,5.714948900486507
5885f97f41da4500014d3645,sickle,0.47956582132060577,6.584209401252473
5885f97f41da4500014d3645,level,0.5129305929911668,8.656133564415384
5885f97f41da4500014d3645,level,1.0,8.656133564415384
5885f97f41da4500014d3645,mallet,0.35811542417207254,6.370154884897625
5d7ff4aa50fda7001a863736,hammer,0.0001,7.197415292597137
5d7ff4aa50fda7001a863736,screwdriver,0.3196661886230372,6.001457216271198
5d7ff4aa50fda7001a863736,drill,0.3024321993909843,7.393449371246766
5d7ff4aa50fda7001a863736,saw,0.17840621158320236,8.418680849630942
5d7ff4aa50fda7001a863736,chainsaw,0.37766714935362433,5.453888359611673
5d7ff4aa50fda7001a863736,axe,0.4703531873540996,6.880009975883822
5d7ff4aa50fda7001a863736,crowbar,0.4426083825567715,5.714948900486507
5d7ff4aa50fda7001a863736,wrench,0.3134925660540233,6.532825439548377
5d7ff4aa50fda7001a863736,router,0.2505516613000375,6.502316620319379
5f1f3581b5cf3e103cc545c9,hammer,0.0001,7.197415292597137
5f1f3581b5cf3e103cc545c9,screwdriver,0.3196661886230372,6.001457216271198
5f1f3581b5cf3e103cc545c9,drill,0.3024321993909843,7.393449371246766
5f1f3581b5cf3e103cc545c9,fork,0.2633662352171946,7.259725843268752
5f1f3581b5cf3e103cc545c9,trowel,0.31137060960697593,5.936826784100971
5f5aa60bef062519ff711fe6,saw,0.0001,8.418680849630942
5f5aa60bef062519ff711fe6,rake,0.39831977470644797,6.610868531869008
5f5aa60bef062519ff711fe6,planer,0.258536412186969,6.021369183810317
5f5aa60bef062519ff711fe6,rake,0.258536412186969,6.610868531869008
5f5aa60bef062519ff711fe6,screwdriver,0.3102606832990017,6.001457216271198
5f5aa60bef062519ff711fe6,wrench,0.34330426274898784,6.532825439548377
5f5aa60bef062519ff711fe6,vice,0.3065086987885317,8.097736775430873
5f5aa60bef062519ff711fe6,ladder,0.29472567794398885,7.141910132327245
5f5aa60bef062519ff711fe6,hammer,0.13867125985049433,7.197415292597137
5f5aa60bef062519ff711fe6,mallet,0.24340665965850394,6.370154884897625
5f5aa60bef062519ff711fe6,pickaxe,0.27496777592815724,5.3474783332713915
5f5aa60bef062519ff711fe6,axe,0.31546824127715034,6.880009975883822
5f5aa60bef062519ff711fe6,pliers,0.16528386330109646,6.10150787124891
6001487015e5f62961639e7d,screwdriver,0.0001,6.001457216271198
6001487015e5f62961639e7d,wrench,0.34330426274898784,6.532825439548377
6001487015e5f62961639e7d,ratchet,0.35564761875842565,6.3276190244308825
6001487015e5f62961639e7d,crowbar,0.26845092621387934,5.714948900486507
6001487015e5f62961639e7d,drill,0.14430944067839946,7.393449371246766
6001487015e5f62961639e7d,saw,0.17840621158320236,8.418680849630942
6001487015e5f62961639e7d,table saw,0.3252675801749053,5.0245020868399
6001487015e5f62961639e7d,saw,0.3252675801749053,8.418680849630942
6001487015e5f62961639e7d,sander,0.4235666879119111,6.1870001015596126
6001487015e5f62961639e7d,axe,0.29178543118127687,6.880009975883822
6001487015e5f62961639e7d,float,0.20951641908754226,7.118554611021209
6001487015e5f62961639e7d,screwdriver,0.32959568131558536,6.001457216271198
6001487015e5f62961639e7d,stapler,0.27072146795271523,5.514736304434669
6001487015e5f62961639e7d,level,0.34011308970516063,8.656133564415384
6001487015e5f62961639e7d,chisel,0.5429296577838015,6.444758139888417
6001487015e5f62961639e7d,scythe,0.47557702209551267,6.066205872012121
6001487015e5f62961639e7d,clamp,0.2744840922307422,6.813513737764346
6001487015e5f62961639e7d,sander,0.42751744402292147,6.1870001015596126
601f6a2231a2904b79df1671,hammer,0.0001,7.197415292597137
601f6a2231a2904b79df1671,chisel,0.31759187951997636,6.444758139888417
601f6a2231a2904b79df1671,screwdriver,0.4765628338959823,6.001457216271198
601f6a2231a2904b79df1671,screwdriver,0.9999999999999998,6.001457216271198
601f6a2231a2904b79df1671,float,0.32959568131558536,7.118554611021209
601f6a2231a2904b79df1671,pliers,0.5190716975315356,6.10150787124891
601f6a2231a2904b79df1671,wrench,0.3119865000331361,6.532825439548377
601f6a2231a2904b79df1671,pliers,0.3119865000331361,6.10150787124891
601f6a2231a2904b79df1671,router,0.2398305111895298,6.502316620319379
601f6a2231a2904b79df1671,t-square,0.35850709559007865,5.0835814450080825
601f6a2231a2904b79df1671,pliers,0.2670349925499971,6.10150787124891
601f6a2231a2904b79df1671,stapler,0.18916231517953952,5.514736304434669
601f6a2231a2904b79df1671,level,0.34011308970516063,8.656133564415384
601f6a2231a2904b79df1671,pencil,0.08017655983672867,7.210100863153848
601f6a2231a2904b79df1671,stapler,0.0685144638580476,5.514736304434669
601f6a2231a2904b79df1671,saw,0.37130613794282863,8.418680849630942
601f6a2231a2904b79df1671,hacksaw,0.3443138319857981,5.397821864504625
601f6a2231a2904b79df1671,saw,0.3443138319857981,8.418680849630942
601f6a2231a2904b79df1671,sander,0.4235666879119111,6.1870001015596126
601f6a2231a2904b79df1671,drill,0.35490404603936077,7.393449371246766
601f6a2231a2904b79df1671,saw,0.17840621158320236,8.418680849630942
601f6a2231a2904b79df1671,table saw,0.3252675801749053,5.0245020868399
601f6a2231a2904b79df1671,saw,0.3252675801749053,8.418680849630942
6073e0d481953bbd2cd61145,hammer,0.0001,7.197415292597137
6073e0d481953bbd2cd61145,screwdriver,0.3196661886230372,6.001457216271198
6073e0d481953bbd2cd61145,rake,0.3102606832990017,6.610868531869008
6073e0d481953bbd2cd61145,pencil,0.0001,7.210100863153848
6073e0d481953bbd2cd61145,scriber,0.32909083468354106,5.1776490267778055
6073e0d481953bbd2cd61145,sledgehammer,0.31035616266642174,5.505678952441556
6073e0d481953bbd2cd61145,vice,0.33625725816117336,8.097736775430873
6073e0d481953bbd2cd61145,pickaxe,0.22682086200146467,5.3474783332713915
6073e0d481953bbd2cd61145,router,0.2938715385056697,6.502316620319379
6073e0d481953bbd2cd61145,stapler,0.3371772286850728,5.514736304434669
6073e0d481953bbd2cd61145,maul,0.428668467413474,5.711793736187494
6073e0d481953bbd2cd61145,scriber,0.24681350855432838,5.1776490267778055
6081806ab383aa89f6c61940,wrench,0.0001,6.532825439548377
6081806ab383aa89f6c61940,screwdriver,0.34330426274898784,6.001457216271198
6081806ab383aa89f6c61940,saw,0.30617912420295845,8.418680849630942
6081806ab383aa89f6c61940,screwdriver,0.30617912420295845,6.001457216271198
6081806ab383aa89f6c61940,crowbar,0.48082920655084593,5.714948900486507
6081806ab383aa89f6c61940,sickle,0.47956582132060577,6.584209401252473
6081806ab383aa89f6c61940,stapler,0.2524309713970445,5.514736304434669
6081806ab383aa89f6c61940,level,0.34011308970516063,8.656133564415384
6081806ab383aa89f6c61940,file,0.3206505505313839,8.13081476144913
6081806ab383aa89f6c61940,drill,0.3062566724251252,7.393449371246766
6081806ab383aa89f6c61940,chainsaw,0.24096516202756124,5.453888359611673
6081806ab383aa89f6c61940,pencil,0.12803176496602608,7.210100863153848
6081806ab383aa89f6c61940,scriber,0.32909083468354106,5.1776490267778055
6081806ab383aa89f6c61940,axe,0.35563342642704376,6.880009975883822
60a48adfe091e410f4eaba34,hammer,0.0001,7.197415292597137
60a48adfe091e410f4eaba34,drill,0.19630415323258965,7.393449371246766
60a48adfe091e410f4eaba34,chisel,0.3502479046768755,6.444758139888417
60a48adfe091e410f4eaba34,screwdriver,0.4765628338959823,6.001457216271198
60a48adfe091e410f4eaba34,drill,0.3024321993909843,7.393449371246766
60a48adfe091e410f4eaba34,mallet,0.35085710969229633,6.370154884897625
60a48adfe091e410f4eaba34,file,0.23396152962664662,8.13081476144913
60a48adfe091e410f4eaba34,chainsaw,0.15529419710511594,5.453888359611673
60a48adfe091e410f4eaba34,axe,0.4703531873540996,6.880009975883822
60a48adfe091e410f4eaba34,planer,0.2938338827676803,6.021369183810317
60d731567049e5132e3cc4d4,hammer,0.0001,7.197415292597137
60d731567049e5132e3cc4d4,screwdriver,0.3196661886230372,6.001457216271198
60d731567049e5132e3cc4d4,wrench,0.34330426274898784,6.532825439548377
60d731567049e5132e3cc4d4,router,0.2505516613000375,6.502316620319379
60d731567049e5132e3cc4d4,t-square,0.35850709559007865,5.0835814450080825
60d731567049e5132e3cc4d4,clamp,0.306477693094686,6.813513737764346
60d731567049e5132e3cc4d4,vice,0.18263128137532858,8.097736775430873
60d731567049e5132e3cc4d4,saw,0.11829355617320125,8.418680849630942
60d731567049e5132e3cc4d4,file,0.20813847492897652,8.13081476144913
60d731567049e5132e3cc4d4,sander,0.25891775190655086,6.1870001015596126
60d731567049e5132e3cc4d4,rasp,0.3081086002237834,5.825879650444607
60d731567049e5132e3cc4d4,stapler,0.2879977972405743,5.514736304434669
60d731567049e5132e3cc4d4,drill,0.19414701948463264,7.393449371246766
60d731567049e5132e3cc4d4,level,0.23946690723371167,8.656133564415384
60d731567049e5132e3cc4d4,pencil,0.08017655983672867,7.210100863153848
60d731567049e5132e3cc4d4,scriber,0.32909083468354106,5.1776490267778055
60d731567049e5132e3cc4d4,rake,0.1384396820058209,6.610868531869008
60d731567049e5132e3cc4d4,hoe,0.4077054476562012,6.572011451726313
60d731567049e5132e3cc4d4,tiller,0.05616724238413495,6.248766784621536
60d731567049e5132e3cc4d4,rake,0.1009289004575914,6.610868531869008
60d731567049e5132e3cc4d4,pliers,0.41481070752216354,6.10150787124891
60d731567049e5132e3cc4d4,trowel,0.350368836256715,5.936826784100971
60d731567049e5132e3cc4d4,hoe,0.43719731161692554,6.572011451726313
60d731567049e5132e3cc4d4,punch,0.3205451943232468,7.121934561017276
60d731567049e5132e3cc4d4,stapler,0.39024171572271427,5.514736304434669
610c59ee34cc312d7ca55e45,screwdriver,0.0001,6.001457216271198
610c59ee34cc312d7ca55e45,hammer,0.3196661886230372,7.197415292597137
610c59ee34cc312d7ca55e45,ladder,0.13867125985049433,7.141910132327245
610c59ee34cc312d7ca55e45,trowel,0.16796167313187538,5.936826784100971
610c59ee34cc312d7ca55e45,punch,0.5396253858149668,7.121934561017276
610c59ee34cc312d7ca55e45,pencil,0.07019698700970534,7.210100863153848
610c59ee34cc312d7ca55e45,scriber,0.32909083468354106,5.1776490267778055
61363ce02e6022a741d63a6e,screwdriver,0.0001,6.001457216271198
61363ce02e6022a741d63a6e,wrench,0.34330426274898784,6.532825439548377
61363ce02e6022a741d63a6e,mallet,0.3348855971543694,6.370154884897625
61363ce02e6022a741d63a6e,wrench,0.3348855971543694,6.532825439548377
61363ce02e6022a741d63a6e,ratchet,0.35564761875842565,6.3276190244308825
61363ce02e6022a741d63a6e,ratchet,1.0,6.3276190244308825
61363ce02e6022a741d63a6e,wrench,0.35564761875842565,6.532825439548377
61363ce02e6022a741d63a6e,wrench,1.0,6.532825439548377
61363ce02e6022a741d63a6e,hammer,0.34467222730743363,7.197415292597137
61363ce02e6022a741d63a6e,cultivator,0.3140540559769418,6.451567237983524
61363ce02e6022a741d63a6e,scriber,0.2977108203437545,5.1776490267778055
61363ce02e6022a741d63a6e,stapler,0.301329520182819,5.514736304434669
61363ce02e6022a741d63a6e,tiller,0.1636688321685319,6.248766784621536
61363ce02e6022a741d63a6e,mallet,0.1679014616782043,6.370154884897625
61363ce02e6022a741d63a6e,mallet,1.0,6.370154884897625
61363ce02e6022a741d63a6e,hoe,0.304942873931612,6.572011451726313
61363ce02e6022a741d63a6e,stapler,0.26800289300704405,5.514736304434669
61363ce02e6022a741d63a6e,stapler,1.0,5.514736304434669
61363ce02e6022a741d63a6e,tack hammer,0.33486695800537936,4.1791782292097945
61363ce02e6022a741d63a6e,router,0.3593049139912132,6.502316620319379
61363ce02e6022a741d63a6e,brush,0.32654294912353254,7.437640247522655
61363ce02e6022a741d63a6e,jack,0.2773726358571278,7.807808216180596
629e241d171ec6698e05f149,hammer,0.0001,7.197415292597137
629e241d171ec6698e05f149,saw,0.4943475868636982,8.418680849630942
629e241d171ec6698e05f149,tack hammer,0.39127604753506606,4.1791782292097945
629e241d171ec6698e05f149,screwdriver,0.4173015805463707,6.001457216271198
629e241d171ec6698e05f149,pliers,0.3260902763860456,6.10150787124891
629e241d171ec6698e05f149,chisel,0.4883679702434156,6.444758139888417
629e241d171ec6698e05f149,vice,0.2709055451624858,8.097736775430873
629e241d171ec6698e05f149,jack,0.20251569911264578,7.807808216180596
629e241d171ec6698e05f149,vice,0.20251569911264578,8.097736775430873
629e241d171ec6698e05f149,fork,0.05669986608417765,7.259725843268752
629e241d171ec6698e05f149,stapler,0.08025945827617309,5.514736304434669
629e241d171ec6698e05f149,stapler,1.0,5.514736304434669
629e241d171ec6698e05f149,mallet,0.33218529516452655,6.370154884897625
629e241d171ec6698e05f149,router,0.310488360137249,6.502316620319379
629e241d171ec6698e05f149,mallet,0.310488360137249,6.370154884897625
629e241d171ec6698e05f149,mallet,1.0,6.370154884897625
629e241d171ec6698e05f149,table saw,0.4154153489150817,5.0245020868399
629e241d171ec6698e05f149,saw,0.3252675801749053,8.418680849630942
629e241d171ec6698e05f149,fork,0.27320136276167784,7.259725843268752
629e241d171ec6698e05f149,wrench,0.29239372886998716,6.532825439548377
629e241d171ec6698e05f149,wrench,1.0,6.532825439548377
629e241d171ec6698e05f149,wrench,1.0,6.532825439548377
629e241d171ec6698e05f149,pencil,0.031114135704991552,7.210100863153848
63619eb02e5bd8f4f7bd138a,screwdriver,0.0001,6.001457216271198
63619eb02e5bd8f4f7bd138a,hammer,0.3196661886230372,7.197415292597137
63619eb02e5bd8f4f7bd138a,drill,0.19630415323258965,7.393449371246766
63619eb02e5bd8f4f7bd138a,level,0.23946690723371167,8.656133564415384
63619eb02e5bd8f4f7bd138a,stapler,0.34011308970516063,5.514736304434669
63619eb02e5bd8f4f7bd138a,pliers,0.18916231517953952,6.10150787124891
63619eb02e5bd8f4f7bd138a,crowbar,0.3228100279122106,5.714948900486507
63619eb02e5bd8f4f7bd138a,jack,0.2703848066710892,7.807808216180596
63619eb02e5bd8f4f7bd138a,trowel,0.43286606338768663,5.936826784100971
63619eb02e5bd8f4f7bd138a,wrench,0.39026333631427734,6.532825439548377
63e802622f8052bd67d6c5f0,hammer,0.0001,7.197415292597137
63e802622f8052bd67d6c5f0,screwdriver,0.3196661886230372,6.001457216271198
63e802622f8052bd67d6c5f0,drill,0.3024321993909843,7.393449371246766
63e802622f8052bd67d6c5f0,stapler,0.19414701948463264,5.514736304434669
63e802622f8052bd67d6c5f0,hammer,0.21553978607073376,7.197415292597137
63e802622f8052bd67d6c5f0,spade,0.27873639442124654,6.531960333791572
63e802622f8052bd67d6c5f0,ladder,0.19116465999104826,7.141910132327245
63ea4ab1ce4168cbe9f63775,hammer,0.0001,7.197415292597137
63ea4ab1ce4168cbe9f63775,hand saw,0.7995605310685093,4.871438657086664
63ea4ab1ce4168cbe9f63775,saw,0.3273734641647903,8.418680849630942
63ea4ab1ce4168cbe9f63775,wrench,0.4141462980908366,6.532825439548377
63ea4ab1ce4168cbe9f63775,ratchet,0.35564761875842565,6.3276190244308825
63ea4ab1ce4168cbe9f63775,mallet,0.2813850786804756,6.370154884897625
63ea4ab1ce4168cbe9f63775,wrench,0.3348855971543694,6.532825439548377
63ea4ab1ce4168cbe9f63775,screwdriver,0.34330426274898784,6.001457216271198
63ea4ab1ce4168cbe9f63775,screwdriver,0.9999999999999998,6.001457216271198
63ea4ab1ce4168cbe9f63775,drill,0.3024321993909843,7.393449371246766
63ea4ab1ce4168cbe9f63775,hoe,0.3040032796960884,6.572011451726313
63ea4ab1ce4168cbe9f63775,punch,0.3205451943232468,7.121934561017276
63ea4ab1ce4168cbe9f63775,pencil,0.07019698700970534,7.210100863153848
63ea4ab1ce4168cbe9f63775,hammer,0.0001,7.197415292597137
63ea4ab1ce4168cbe9f63775,wrench,0.34467222730743363,6.532825439548377
63ea4ab1ce4168cbe9f63775,chisel,0.4013782937656789,6.444758139888417
63ea4ab1ce4168cbe9f63775,table saw,0.509269677615796,5.0245020868399
63ea4ab1ce4168cbe9f63775,saw,0.3252675801749053,8.418680849630942
63ea4ab1ce4168cbe9f63775,jigsaw,0.18453985454131117,5.964595712897791
63ea4ab1ce4168cbe9f63775,circular saw,0.26364415838632294,5.6237226201595325
63ea4ab1ce4168cbe9f63775,saw,0.31498663486313316,8.418680849630942
63ea4ab1ce4168cbe9f63775,wrench,0.4141462980908366,6.532825439548377
63ea4ab1ce4168cbe9f63775,pickaxe,0.34948717453247047,5.3474783332713915
63ea4ab1ce4168cbe9f63775,sander,0.4495307261970902,6.1870001015596126
63ea4ab1ce4168cbe9f63775,level,0.4502685714030207,8.656133564415384
63ea4ab1ce4168cbe9f63775,planer,0.6017209747236908,6.021369183810317
63ea4ab1ce4168cbe9f63775,level,0.6017209747236908,8.656133564415384
63ea4ab1ce4168cbe9f63775,sander,0.4502685714030207,6.1870001015596126
654108d38225e168af4b1fa0,screwdriver,0.0001,6.001457216271198
654108d38225e168af4b1fa0,hammer,0.3196661886230372,7.197415292597137
654108d38225e168af4b1fa0,stapler,0.21553978607073376,5.514736304434669
654108d38225e168af4b1fa0,wrench,0.3613668950444877,6.532825439548377
654108d38225e168af4b1fa0,drill,0.3384111545142431,7.393449371246766
654108d38225e168af4b1fa0,router,0.24995564940430703,6.502316620319379
654108d38225e168af4b1fa0,saw,0.2231208393343318,8.418680849630942
654108d38225e168af4b1fa0,sander,0.4235666879119111,6.1870001015596126
654108d38225e168af4b1fa0,pliers,0.30093325649950053,6.10150787124891
6554de7d91c1b1bf51104fda,screwdriver,0.0001,6.001457216271198
6554de7d91c1b1bf51104fda,hammer,0.3196661886230372,7.197415292597137
6554de7d91c1b1bf51104fda,drill,0.19630415323258965,7.393449371246766
6554de7d91c1b1bf51104fda,axe,0.20191324180412196,6.880009975883822
6554de7d91c1b1bf51104fda,ratchet,0.2885383666950818,6.3276190244308825
6554de7d91c1b1bf51104fda,stapler,0.29312954258169277,5.514736304434669
6554de7d91c1b1bf51104fda,vice,0.27328824203052315,8.097736775430873
6554de7d91c1b1bf51104fda,pliers,0.21454652929911366,6.10150787124891
6554de7d91c1b1bf51104fda,pliers,0.9999999999999998,6.10150787124891
6554de7d91c1b1bf51104fda,hoe,0.5361787593491081,6.572011451726313
6554de7d91c1b1bf51104fda,sickle,0.2200391741113925,6.584209401252473
656e3caa43f1f7f0615252ff,wrench,0.0001,6.532825439548377
656e3caa43f1f7f0615252ff,mallet,0.3348855971543694,6.370154884897625
656e3caa43f1f7f0615252ff,scriber,0.452691966549177,5.1776490267778055
656e3caa43f1f7f0615252ff,fork,0.11432306887707899,7.259725843268752
656e3caa43f1f7f0615252ff,mallet,0.1891624288198558,6.370154884897625
656e3caa43f1f7f0615252ff,wrench,0.3348855971543694,6.532825439548377
656e3caa43f1f7f0615252ff,chainsaw,0.47944392676852043,5.453888359611673
656e3caa43f1f7f0615252ff,drill,0.24096516202756124,7.393449371246766
656e3caa43f1f7f0615252ff,trowel,0.24315895167352997,5.936826784100971
656e3caa43f1f7f0615252ff,hammer,0.4311305912682405,7.197415292597137
656e3caa43f1f7f0615252ff,saw,0.4943475868636982,8.418680849630942
656e3caa43f1f7f0615252ff,level,0.47332534978163765,8.656133564415384
656e3caa43f1f7f0615252ff,router,0.38878691064532656,6.502316620319379
656e3caa43f1f7f0615252ff,wrench,0.2505516613000375,6.532825439548377
6596a5cad60ef105b6c18897,hammer,0.0001,7.197415292597137
6596a5cad60ef105b6c18897,screwdriver,0.3196661886230372,6.001457216271198
6596a5cad60ef105b6c18897,screwdriver,0.9999999999999998,6.001457216271198
6596a5cad60ef105b6c18897,screwdriver,0.9999999999999998,6.001457216271198
6596a5cad60ef105b6c18897,drill,0.3024321993909843,7.393449371246766
6596a5cad60ef105b6c18897,pliers,0.2713182233802629,6.10150787124891
6596a5cad60ef105b6c18897,sander,0.30093325649950053,6.1870001015596126
6596a5cad60ef105b6c18897,pliers,0.30093325649950053,6.10150787124891
6596a5cad60ef105b6c18897,ratchet,0.1881028228471262,6.3276190244308825
6596a5cad60ef105b6c18897,sander,0.41633400459446546,6.1870001015596126
6596a5cad60ef105b6c18897,clamp,0.42751744402292147,6.813513737764346
6596a5cad60ef105b6c18897,level,0.6108512804352549,8.656133564415384
6596a5cad60ef105b6c18897,stapler,0.34011308970516063,5.514736304434669
6596a5cad60ef105b6c18897,stapler,1.0,5.514736304434669
65b15afd94153c1f50c92493,wrench,0.0001,6.532825439548377
65b15afd94153c1f50c92493,screwdriver,0.34330426274898784,6.001457216271198
65b15afd94153c1f50c92493,hammer,0.3196661886230372,7.197415292597137
65b15afd94153c1f50c92493,mallet,0.24340665965850394,6.370154884897625
65b15afd94153c1f50c92493,drill,0.35085710969229633,7.393449371246766
65b15afd94153c1f50c92493,axe,0.20191324180412196,6.880009975883822
65b15afd94153c1f50c92493,mallet,0.2842280859490729,6.370154884897625
65b15afd94153c1f50c92493,stapler,0.33218529516452655,5.514736304434669
65b15afd94153c1f50c92493,scraper,0.25262475488581937,6.354575150934024
65b15afd94153c1f50c92493,file,0.3932045343414222,8.13081476144913
65b15afd94153c1f50c92493,chisel,0.3335022077556441,6.444758139888417
65b15afd94153c1f50c92493,clamp,0.37470621847124463,6.813513737764346
65b15afd94153c1f50c92493,file,0.24662550199827638,8.13081476144913
65b15afd94153c1f50c92493,pickaxe,0.2547717238922754,5.3474783332713915
65b15afd94153c1f50c92493,scriber,0.3149368912691801,5.1776490267778055
65b15afd94153c1f50c92493,saw,0.21558219891447716,8.418680849630942
65b15afd94153c1f50c92493,ladder,0.20544356001720687,7.141910132327245
65b15afd94153c1f50c92493,paintbrush,0.1585903187313893,5.7204140147939695
65b15afd94153c1f50c92493,tiller,0.37902878203997337,6.248766784621536
65b15afd94153c1f50c92493,level,0.18186092847623736,8.656133564415384
65b15afd94153c1f50c92493,pencil,0.08017655983672867,7.210100863153848
65c25cf77dca9d7ca7d9ebdb,hammer,0.0001,7.197415292597137
65c25cf77dca9d7ca7d9ebdb,mallet,0.24340665965850394,6.370154884897625
65c25cf77dca9d7ca7d9ebdb,sickle,0.18898278298454807,6.584209401252473
65c25cf77dca9d7ca7d9ebdb,axe,0.3415097194667458,6.880009975883822
65c25cf77dca9d7ca7d9ebdb,axe,1.0,6.880009975883822
65c25cf77dca9d7ca7d9ebdb,axe,1.0,6.880009975883822
65c25cf77dca9d7ca7d9ebdb,drill,0.20191324180412196,7.393449371246766
65c25cf77dca9d7ca7d9ebdb,screwdriver,0.3024321993909843,6.001457216271198
65c25cf77dca9d7ca7d9ebdb,sickle,0.4040052788745776,6.584209401252473
65c25cf77dca9d7ca7d9ebdb,sickle,1.0,6.584209401252473
65c25cf77dca9d7ca7d9ebdb,pencil,0.0886761754157811,7.210100863153848
65cb63e160bb47fbf9349269,hammer,0.0001,7.197415292597137
65cb63e160bb47fbf9349269,drill,0.19630415323258965,7.393449371246766
65cb63e160bb47fbf9349269,wrench,0.3384111545142431,6.532825439548377
65cb63e160bb47fbf9349269,shovel,0.27507966143386353,6.729044612858461
65cb63e160bb47fbf9349269,ladder,0.12369030133200809,7.141910132327245
65cb63e160bb47fbf9349269,vice,0.29472567794398885,8.097736775430873
65cb63e160bb47fbf9349269,drill,0.2658781949114024,7.393449371246766
65cb63e160bb47fbf9349269,planer,0.16569271674547537,6.021369183810317
65cb63e160bb47fbf9349269,planer,1.0,6.021369183810317
65cb63e160bb47fbf9349269,brush,0.1959492181673772,7.437640247522655
65cb63e160bb47fbf9349269,level,0.3477442268319323,8.656133564415384
65cb63e160bb47fbf9349269,stapler,0.34011308970516063,5.514736304434669
65cb63e160bb47fbf9349269,pencil,0.0685144638580476,7.210100863153848
65cb63e160bb47fbf9349269,pliers,0.0001,6.10150787124891
65cb63e160bb47fbf9349269,router,0.2398305111895298,6.502316620319379
65cc19b4b3d48a22dfc6756d,screwdriver,0.0001,6.001457216271198
65cc19b4b3d48a22dfc6756d,wrench,0.34330426274898784,6.532825439548377
65cc19b4b3d48a22dfc6756d,hammer,0.34467222730743363,7.197415292597137
65cc19b4b3d48a22dfc6756d,pencil,0.0001,7.210100863153848
65d54b3b524fcafb543d1b23,hammer,0.0001,7.197415292597137
65d54b3b524fcafb543d1b23,wrench,0.34467222730743363,6.532825439548377
65d54b3b524fcafb543d1b23,pliers,0.3119865000331361,6.10150787124891
65d54b3b524fcafb543d1b23,punch,0.3052540126501686,7.121934561017276
65d54b3b524fcafb543d1b23,screwdriver,0.3938518344612809,6.001457216271198
65d54b3b524fcafb543d1b23,router,0.30090001653751575,6.502316620319379
65d6a09286a0c99e632a46dd,wrench,0.0001,6.532825439548377
65d6a09286a0c99e632a46dd,gouge,0.29907716806676277,5.961738985675386
65d6a09286a0c99e632a46dd,wrench,0.29907716806676277,6.532825439548377
65d6a09286a0c99e632a46dd,screwdriver,0.34330426274898784,6.001457216271198
65d6a09286a0c99e632a46dd,saw,0.30617912420295845,8.418680849630942
65d6a09286a0c99e632a46dd,planer,0.24168229423758536,6.021369183810317
65d6a09286a0c99e632a46dd,ladder,0.09203732425690803,7.141910132327245
65d6a09286a0c99e632a46dd,fork,0.04536209881061337,7.259725843268752
65d6a09286a0c99e632a46dd,sickle,0.23650653079309714,6.584209401252473
65d6a09286a0c99e632a46dd,hammer,0.33293811339025114,7.197415292597137
65d6a09286a0c99e632a46dd,stapler,0.21553978607073376,5.514736304434669
65d6a09286a0c99e632a46dd,ladder,0.22993805416787283,7.141910132327245
65d6a09286a0c99e632a46dd,spade,0.19116465999104826,6.531960333791572
65d6a09286a0c99e632a46dd,saw,0.30851122038916856,8.418680849630942
65d6a09286a0c99e632a46dd,trowel,0.4748032946413381,5.936826784100971
65d6a09286a0c99e632a46dd,mallet,0.3630390179682106,6.370154884897625
65d6a09286a0c99e632a46dd,paintbrush,0.29425468795680465,5.7204140147939695
65d6a09286a0c99e632a46dd,scythe,0.31026141055275236,6.066205872012121
65d6a09286a0c99e632a46dd,ratchet,0.24046565659947816,6.3276190244308825
65d6a09286a0c99e632a46dd,pliers,0.1881028228471262,6.10150787124891
65e1f75ab3efd22e847cfbf0,screwdriver,0.0001,6.001457216271198
65e1f75ab3efd22e847cfbf0,wrench,0.34330426274898784,6.532825439548377
65e1f75ab3efd22e847cfbf0,sickle,0.34251692474855755,6.584209401252473
65e1f75ab3efd22e847cfbf0,drill,0.1570260334174971,7.393449371246766
65e1f75ab3efd22e847cfbf0,hammer,0.19630415323258965,7.197415292597137
65e1f75ab3efd22e847cfbf0,axe,0.14584497052787104,6.880009975883822
65e1f75ab3efd22e847cfbf0,pliers,0.16528386330109646,6.10150787124891
65e1f75ab3efd22e847cfbf0,scythe,0.2854433151725372,6.066205872012121
65e1f75ab3efd22e847cfbf0,wrench,0.32520603735783515,6.532825439548377
65e1f75ab3efd22e847cfbf0,sickle,0.34251692474855755,6.584209401252473
65e1f75ab3efd22e847cfbf0,hoe,0.2200391741113925,6.572011451726313
65e358d9c5e3ee026268b2a7,hammer,0.0001,7.197415292597137
65e358d9c5e3ee026268b2a7,screwdriver,0.3196661886230372,6.001457216271198
65e358d9c5e3ee026268b2a7,wrench,0.34330426274898784,6.532825439548377
65e358d9c5e3ee026268b2a7,mallet,0.3348855971543694,6.370154884897625
65e358d9c5e3ee026268b2a7,wrench,0.3348855971543694,6.532825439548377
65e358d9c5e3ee026268b2a7,tiller,0.08353026321776036,6.248766784621536
65e358d9c5e3ee026268b2a7,saw,0.05477529269022208,8.418680849630942
65e358d9c5e3ee026268b2a7,drill,0.17840621158320236,7.393449371246766
65e358d9c5e3ee026268b2a7,saw,0.17840621158320236,8.418680849630942
65e358d9c5e3ee026268b2a7,wrench,0.4141462980908366,6.532825439548377
65e358d9c5e3ee026268b2a7,fork,0.29239372886998716,7.259725843268752
65e358d9c5e3ee026268b2a7,mallet,0.1891624288198558,6.370154884897625
65e358d9c5e3ee026268b2a7,hacksaw,0.30527360399552617,5.397821864504625
65e358d9c5e3ee026268b2a7,stapler,0.29524535666034346,5.514736304434669
65e358d9c5e3ee026268b2a7,trowel,0.38758680679150836,5.936826784100971
65e358d9c5e3ee026268b2a7,pliers,0.350368836256715,6.10150787124891
65e358d9c5e3ee026268b2a7,table saw,0.24383189474029143,5.0245020868399
65e358d9c5e3ee026268b2a7,pencil,0.12484342487739619,7.210100863153848
65e358d9c5e3ee026268b2a7,sander,0.1084305034259353,6.1870001015596126
65e358d9c5e3ee026268b2a7,level,0.4502685714030207,8.656133564415384
65e862f844f1b7a803bb3c5a,screwdriver,0.0001,6.001457216271198
65e862f844f1b7a803bb3c5a,drill,0.3024321993909843,7.393449371246766
65e862f844f1b7a803bb3c5a,chisel,0.3502479046768755,6.444758139888417
65e862f844f1b7a803bb3c5a,trowel,0.5298303732412329,5.936826784100971
65e862f844f1b7a803bb3c5a,stapler,0.38758680679150836,5.514736304434669
65e862f844f1b7a803bb3c5a,saw,0.37130613794282863,8.418680849630942
65e862f844f1b7a803bb3c5a,chainsaw,0.37766714935362433,5.453888359611673
65e862f844f1b7a803bb3c5a,pencil,0.12803176496602608,7.210100863153848
65e862f844f1b7a803bb3c5a,wrench,0.031114135704991552,6.532825439548377
65e862f844f1b7a803bb3c5a,mallet,0.3348855971543694,6.370154884897625
65e862f844f1b7a803bb3c5a,scraper,0.13570584346249615,6.354575150934024
65e862f844f1b7a803bb3c5a,scriber,0.1635857020966187,5.1776490267778055
65e862f844f1b7a803bb3c5a,spade,0.14115869372397805,6.531960333791572
65e862f844f1b7a803bb3c5a,level,0.3674874270575047,8.656133564415384
65e862f844f1b7a803bb3c5a,planer,0.6017209747236908,6.021369183810317
65e862f844f1b7a803bb3c5a,scythe,0.303036239971316,6.066205872012121
65e862f844f1b7a803bb3c5a,ladder,0.2602030546053643,7.141910132327245
