SID,entry
65d54b3b524fcafb543d1b23,christmas
65d54b3b524fcafb543d1b23,ramadan
65d54b3b524fcafb543d1b23,easter
65d54b3b524fcafb543d1b23,halloween
65d54b3b524fcafb543d1b23,thanksgiving
65d54b3b524fcafb543d1b23,labor day
65b15afd94153c1f50c92493,easter
65b15afd94153c1f50c92493,independence day
65b15afd94153c1f50c92493,christmas
65b15afd94153c1f50c92493,halloween
65b15afd94153c1f50c92493,hanukkah
65b15afd94153c1f50c92493,labor day
65b15afd94153c1f50c92493,thanksgiving
65c25cf77dca9d7ca7d9ebdb,christmas
65c25cf77dca9d7ca7d9ebdb,easter
65c25cf77dca9d7ca7d9ebdb,halloween
65c25cf77dca9d7ca7d9ebdb,earth day
65c25cf77dca9d7ca7d9ebdb,thanksgiving
60a48adfe091e410f4eaba34,christmas
60a48adfe091e410f4eaba34,easter
60a48adfe091e410f4eaba34,thanksgiving
60a48adfe091e410f4eaba34,halloween
63e802622f8052bd67d6c5f0,easter
63e802622f8052bd67d6c5f0,halloween
63e802622f8052bd67d6c5f0,hanukkah
63e802622f8052bd67d6c5f0,thanksgiving
65e358d9c5e3ee026268b2a7,easter
65e358d9c5e3ee026268b2a7,thanksgiving
65e358d9c5e3ee026268b2a7,halloween
65e358d9c5e3ee026268b2a7,christmas
65e358d9c5e3ee026268b2a7,labor day
65e862f844f1b7a803bb3c5a,christmas
65e862f844f1b7a803bb3c5a,independence day
65e862f844f1b7a803bb3c5a,easter
65cc19b4b3d48a22dfc6756d,christmas
65cc19b4b3d48a22dfc6756d,labor day
65cc19b4b3d48a22dfc6756d,halloween
65cc19b4b3d48a22dfc6756d,easter
65cb63e160bb47fbf9349269,new year's day
65cb63e160bb47fbf9349269,easter
65cb63e160bb47fbf9349269,ramadan
65cb63e160bb47fbf9349269,independence day
65cb63e160bb47fbf9349269,labor day
65cb63e160bb47fbf9349269,halloween
65cb63e160bb47fbf9349269,christmas
65cb63e160bb47fbf9349269,hanukkah
65cb63e160bb47fbf9349269,kwanzaa
65e1f75ab3efd22e847cfbf0,easter
65e1f75ab3efd22e847cfbf0,independence day
65e1f75ab3efd22e847cfbf0,labor day
65e1f75ab3efd22e847cfbf0,halloween
65e1f75ab3efd22e847cfbf0,christmas
65e1f75ab3efd22e847cfbf0,hanukkah
65e1f75ab3efd22e847cfbf0,kwanzaa
65e1f75ab3efd22e847cfbf0,ramadan
5d7ff4aa50fda7001a863736,christmas
5d7ff4aa50fda7001a863736,halloween
5d7ff4aa50fda7001a863736,thanksgiving
5d7ff4aa50fda7001a863736,easter
5d7ff4aa50fda7001a863736,labor day
5d7ff4aa50fda7001a863736,independence day
5f5aa60bef062519ff711fe6,ramadan
5f5aa60bef062519ff711fe6,christmas
5f5aa60bef062519ff711fe6,halloween
5f5aa60bef062519ff711fe6,easter
5f5aa60bef062519ff711fe6,hanukkah
5f5aa60bef062519ff711fe6,thanksgiving
5f5aa60bef062519ff711fe6,independence day
63ea4ab1ce4168cbe9f63775,new year's day
63ea4ab1ce4168cbe9f63775,good friday
63ea4ab1ce4168cbe9f63775,easter
63ea4ab1ce4168cbe9f63775,passover
63ea4ab1ce4168cbe9f63775,independence day
63ea4ab1ce4168cbe9f63775,labor day
63ea4ab1ce4168cbe9f63775,halloween
63ea4ab1ce4168cbe9f63775,thanksgiving
63ea4ab1ce4168cbe9f63775,christmas
63ea4ab1ce4168cbe9f63775,kwanzaa
63ea4ab1ce4168cbe9f63775,hanukkah
63ea4ab1ce4168cbe9f63775,ramadan
63ea4ab1ce4168cbe9f63775,diwali
63ea4ab1ce4168cbe9f63775,mardi gras
60d731567049e5132e3cc4d4,easter
60d731567049e5132e3cc4d4,labor day
60d731567049e5132e3cc4d4,halloween
60d731567049e5132e3cc4d4,thanksgiving
60d731567049e5132e3cc4d4,christmas
60d731567049e5132e3cc4d4,kwanzaa
60d731567049e5132e3cc4d4,ramadan
60d731567049e5132e3cc4d4,hanukkah
65d6a09286a0c99e632a46dd,new year's day
65d6a09286a0c99e632a46dd,passover
65d6a09286a0c99e632a46dd,easter
65d6a09286a0c99e632a46dd,thanksgiving
65d6a09286a0c99e632a46dd,christmas
65d6a09286a0c99e632a46dd,christmas
