SID,entry
5d7ff4aa50fda7001a863736,painting
5d7ff4aa50fda7001a863736,drawing
5d7ff4aa50fda7001a863736,reading
5d7ff4aa50fda7001a863736,pc games
5d7ff4aa50fda7001a863736,i'm
5d7ff4aa50fda7001a863736,hiking
5d7ff4aa50fda7001a863736,dancing
5d7ff4aa50fda7001a863736,skating
5d7ff4aa50fda7001a863736,skating
5d7ff4aa50fda7001a863736,skateboarding
5d7ff4aa50fda7001a863736,running
5d7ff4aa50fda7001a863736,cooking
5d7ff4aa50fda7001a863736,baking
5d7ff4aa50fda7001a863736,cleaning
5d7ff4aa50fda7001a863736,basketball
5d7ff4aa50fda7001a863736,soccer
5d7ff4aa50fda7001a863736,football
5d7ff4aa50fda7001a863736,volleyball
5d7ff4aa50fda7001a863736,fishing
5d7ff4aa50fda7001a863736,swimming
5d7ff4aa50fda7001a863736,sketching
5d7ff4aa50fda7001a863736,writing
5d7ff4aa50fda7001a863736,cycling
5d7ff4aa50fda7001a863736,singing
5d7ff4aa50fda7001a863736,watching
5d7ff4aa50fda7001a863736,journaling
5d7ff4aa50fda7001a863736,gardening
5d7ff4aa50fda7001a863736,hunting
5d7ff4aa50fda7001a863736,darts
5d7ff4aa50fda7001a863736,sewing
5d7ff4aa50fda7001a863736,knitting
5d7ff4aa50fda7001a863736,crocheting
65e358d9c5e3ee026268b2a7,sports
65e358d9c5e3ee026268b2a7,volleyball
65e358d9c5e3ee026268b2a7,basketball
65e358d9c5e3ee026268b2a7,football
65e358d9c5e3ee026268b2a7,tennis
65e358d9c5e3ee026268b2a7,baseball
65e358d9c5e3ee026268b2a7,rugby
65e358d9c5e3ee026268b2a7,cross-country
65e358d9c5e3ee026268b2a7,ballet
65e358d9c5e3ee026268b2a7,gymnastics
65e358d9c5e3ee026268b2a7,pottery
65e358d9c5e3ee026268b2a7,reading-writing
65e358d9c5e3ee026268b2a7,hiking
65e358d9c5e3ee026268b2a7,meditating
65e358d9c5e3ee026268b2a7,yoga
65e358d9c5e3ee026268b2a7,exercise
65e358d9c5e3ee026268b2a7,gym
65e358d9c5e3ee026268b2a7,powerlifting
65e358d9c5e3ee026268b2a7,painting
65e358d9c5e3ee026268b2a7,cardio
65e358d9c5e3ee026268b2a7,swimming
65e358d9c5e3ee026268b2a7,knitting
65e358d9c5e3ee026268b2a7,crocheting
65e358d9c5e3ee026268b2a7,bicycling
65e358d9c5e3ee026268b2a7,bicycling
65e358d9c5e3ee026268b2a7,biking
65e358d9c5e3ee026268b2a7,sleeping
65e358d9c5e3ee026268b2a7,caving
65e358d9c5e3ee026268b2a7,vacationing
65e358d9c5e3ee026268b2a7,bouldering
65e358d9c5e3ee026268b2a7,racing
65e358d9c5e3ee026268b2a7,sports
65e358d9c5e3ee026268b2a7,bouldering
65e358d9c5e3ee026268b2a7,sports
65e358d9c5e3ee026268b2a7,collecting
65e358d9c5e3ee026268b2a7,watching
65e358d9c5e3ee026268b2a7,hockey
65e358d9c5e3ee026268b2a7,collecting
65e358d9c5e3ee026268b2a7,volunteering
65e358d9c5e3ee026268b2a7,last
65e358d9c5e3ee026268b2a7,animation
65e358d9c5e3ee026268b2a7,volunteering
65e358d9c5e3ee026268b2a7,last
65e358d9c5e3ee026268b2a7,baking
65e358d9c5e3ee026268b2a7,pc games
65e358d9c5e3ee026268b2a7,pc games
65e358d9c5e3ee026268b2a7,pc games
60d731567049e5132e3cc4d4,knitting
60d731567049e5132e3cc4d4,and
60d731567049e5132e3cc4d4,crocheting
60d731567049e5132e3cc4d4,embroidering
60d731567049e5132e3cc4d4,sewing
60d731567049e5132e3cc4d4,running
60d731567049e5132e3cc4d4,hiking
60d731567049e5132e3cc4d4,fishing
60d731567049e5132e3cc4d4,camping
60d731567049e5132e3cc4d4,and
60d731567049e5132e3cc4d4,canoeing
60d731567049e5132e3cc4d4,kayaking
60d731567049e5132e3cc4d4,basketball
60d731567049e5132e3cc4d4,volleyball
60d731567049e5132e3cc4d4,baseball
60d731567049e5132e3cc4d4,softball
60d731567049e5132e3cc4d4,football
60d731567049e5132e3cc4d4,soccer
60d731567049e5132e3cc4d4,kickball
60d731567049e5132e3cc4d4,badminton
60d731567049e5132e3cc4d4,tennis
60d731567049e5132e3cc4d4,writing
60d731567049e5132e3cc4d4,reading
60d731567049e5132e3cc4d4,cooking
60d731567049e5132e3cc4d4,baking
60d731567049e5132e3cc4d4,sketching
60d731567049e5132e3cc4d4,painting
60d731567049e5132e3cc4d4,pottery
60d731567049e5132e3cc4d4,baking
60d731567049e5132e3cc4d4,baking
60d731567049e5132e3cc4d4,thrifting
60d731567049e5132e3cc4d4,walking
60d731567049e5132e3cc4d4,traveling
60d731567049e5132e3cc4d4,tango
60d731567049e5132e3cc4d4,swimming
60d731567049e5132e3cc4d4,diving
60d731567049e5132e3cc4d4,gardening
60d731567049e5132e3cc4d4,collecting
60d731567049e5132e3cc4d4,cooking
60d731567049e5132e3cc4d4,collecting
60d731567049e5132e3cc4d4,music
60d731567049e5132e3cc4d4,darts
60d731567049e5132e3cc4d4,singing
60d731567049e5132e3cc4d4,dancing
63ea4ab1ce4168cbe9f63775,watching
63ea4ab1ce4168cbe9f63775,sports
63ea4ab1ce4168cbe9f63775,woodworking
63ea4ab1ce4168cbe9f63775,running
63ea4ab1ce4168cbe9f63775,collecting
63ea4ab1ce4168cbe9f63775,baseball
63ea4ab1ce4168cbe9f63775,cars
63ea4ab1ce4168cbe9f63775,cooking
63ea4ab1ce4168cbe9f63775,arts and crafts
63ea4ab1ce4168cbe9f63775,watching
63ea4ab1ce4168cbe9f63775,creative writing
63ea4ab1ce4168cbe9f63775,poetry
63ea4ab1ce4168cbe9f63775,traveling
63ea4ab1ce4168cbe9f63775,restaurants
63ea4ab1ce4168cbe9f63775,watching
63ea4ab1ce4168cbe9f63775,fishing
63ea4ab1ce4168cbe9f63775,hunting
63ea4ab1ce4168cbe9f63775,kayaking
63ea4ab1ce4168cbe9f63775,walking
63ea4ab1ce4168cbe9f63775,volunteering
63ea4ab1ce4168cbe9f63775,reading
63ea4ab1ce4168cbe9f63775,baking
63ea4ab1ce4168cbe9f63775,learning
63ea4ab1ce4168cbe9f63775,working out
63ea4ab1ce4168cbe9f63775,cars
63ea4ab1ce4168cbe9f63775,driving
63ea4ab1ce4168cbe9f63775,bouldering
63ea4ab1ce4168cbe9f63775,collecting
65e862f844f1b7a803bb3c5a,football
65e862f844f1b7a803bb3c5a,fencing
65e862f844f1b7a803bb3c5a,hiking
65e862f844f1b7a803bb3c5a,dancing
65e862f844f1b7a803bb3c5a,bowling
65e862f844f1b7a803bb3c5a,calligraphy
65e862f844f1b7a803bb3c5a,drawing
65e862f844f1b7a803bb3c5a,blogging
65e862f844f1b7a803bb3c5a,baking
65e862f844f1b7a803bb3c5a,mountain climbing
65e862f844f1b7a803bb3c5a,skating
65e862f844f1b7a803bb3c5a,origami
65e862f844f1b7a803bb3c5a,gardening
65e862f844f1b7a803bb3c5a,scrapbooking
65e862f844f1b7a803bb3c5a,fishing
65e862f844f1b7a803bb3c5a,chess
65e862f844f1b7a803bb3c5a,music
65e862f844f1b7a803bb3c5a,graffiti art
65e862f844f1b7a803bb3c5a,kayaking
65e862f844f1b7a803bb3c5a,running
65e862f844f1b7a803bb3c5a,cardio
65e862f844f1b7a803bb3c5a,pc games
65e862f844f1b7a803bb3c5a,sleeping
65e862f844f1b7a803bb3c5a,driving
65e862f844f1b7a803bb3c5a,sightseeing
65e862f844f1b7a803bb3c5a,soccer
65e862f844f1b7a803bb3c5a,basketball
65e862f844f1b7a803bb3c5a,hockey
65e862f844f1b7a803bb3c5a,gymnastics
65e862f844f1b7a803bb3c5a,fencing
65e862f844f1b7a803bb3c5a,studying
5f5aa60bef062519ff711fe6,knitting
5f5aa60bef062519ff711fe6,crocheting
5f5aa60bef062519ff711fe6,gaming
5f5aa60bef062519ff711fe6,racing
5f5aa60bef062519ff711fe6,running
5f5aa60bef062519ff711fe6,swimming
5f5aa60bef062519ff711fe6,watching
5f5aa60bef062519ff711fe6,hiking
5f5aa60bef062519ff711fe6,climbing
5f5aa60bef062519ff711fe6,skydiving
5f5aa60bef062519ff711fe6,planner
5f5aa60bef062519ff711fe6,collecting
5f5aa60bef062519ff711fe6,drawing
5f5aa60bef062519ff711fe6,creating
5f5aa60bef062519ff711fe6,sports
5f5aa60bef062519ff711fe6,baseball
5f5aa60bef062519ff711fe6,hockey
5f5aa60bef062519ff711fe6,basketball
5f5aa60bef062519ff711fe6,football
5f5aa60bef062519ff711fe6,soccer
5f5aa60bef062519ff711fe6,painting
5f5aa60bef062519ff711fe6,studying
65b15afd94153c1f50c92493,painting
65b15afd94153c1f50c92493,drawing
65b15afd94153c1f50c92493,skating
65b15afd94153c1f50c92493,reading
65b15afd94153c1f50c92493,writing
65b15afd94153c1f50c92493,crochet
65b15afd94153c1f50c92493,sewing
65b15afd94153c1f50c92493,coloring
65b15afd94153c1f50c92493,fishing
65b15afd94153c1f50c92493,camping
65b15afd94153c1f50c92493,driving
65b15afd94153c1f50c92493,collecting
65b15afd94153c1f50c92493,music
65e1f75ab3efd22e847cfbf0,reading
65e1f75ab3efd22e847cfbf0,writing
65e1f75ab3efd22e847cfbf0,pc games
65e1f75ab3efd22e847cfbf0,working out
65e1f75ab3efd22e847cfbf0,painting
65e1f75ab3efd22e847cfbf0,dance
65e1f75ab3efd22e847cfbf0,drawing
65e1f75ab3efd22e847cfbf0,pottery
65e1f75ab3efd22e847cfbf0,knitting
65e1f75ab3efd22e847cfbf0,photography
65e1f75ab3efd22e847cfbf0,sewing
65e1f75ab3efd22e847cfbf0,gardening
65e1f75ab3efd22e847cfbf0,learning
65e1f75ab3efd22e847cfbf0,cooking
65e1f75ab3efd22e847cfbf0,singing
65e1f75ab3efd22e847cfbf0,pc games
65e1f75ab3efd22e847cfbf0,backpacking
65e1f75ab3efd22e847cfbf0,running
65e1f75ab3efd22e847cfbf0,hunting
65e1f75ab3efd22e847cfbf0,soccer
65e1f75ab3efd22e847cfbf0,yoga
65e1f75ab3efd22e847cfbf0,walking
65e1f75ab3efd22e847cfbf0,basketball
65e1f75ab3efd22e847cfbf0,pilates
65e1f75ab3efd22e847cfbf0,swimming
65e1f75ab3efd22e847cfbf0,football
65e1f75ab3efd22e847cfbf0,bowling
65e1f75ab3efd22e847cfbf0,hockey
65e1f75ab3efd22e847cfbf0,surfing
65e1f75ab3efd22e847cfbf0,tennis
65e1f75ab3efd22e847cfbf0,baseball
65e1f75ab3efd22e847cfbf0,dancing
65e1f75ab3efd22e847cfbf0,karate
65e1f75ab3efd22e847cfbf0,cheerleading
65e1f75ab3efd22e847cfbf0,waterskiing
65e1f75ab3efd22e847cfbf0,weightlifting
65e1f75ab3efd22e847cfbf0,boxing
65e1f75ab3efd22e847cfbf0,pc games
65e1f75ab3efd22e847cfbf0,running
65e1f75ab3efd22e847cfbf0,wood
65e1f75ab3efd22e847cfbf0,burning
65e1f75ab3efd22e847cfbf0,last
65e1f75ab3efd22e847cfbf0,painting
65e1f75ab3efd22e847cfbf0,calligraphy
65e1f75ab3efd22e847cfbf0,and
65e1f75ab3efd22e847cfbf0,baking
65e1f75ab3efd22e847cfbf0,stargazing
65e1f75ab3efd22e847cfbf0,poetry
65e1f75ab3efd22e847cfbf0,writing
65e1f75ab3efd22e847cfbf0,baking
65e1f75ab3efd22e847cfbf0,crochet
65e1f75ab3efd22e847cfbf0,quilting
65e1f75ab3efd22e847cfbf0,acting
63e802622f8052bd67d6c5f0,fishing
63e802622f8052bd67d6c5f0,bicycling
63e802622f8052bd67d6c5f0,running
63e802622f8052bd67d6c5f0,gaming
63e802622f8052bd67d6c5f0,reading
63e802622f8052bd67d6c5f0,walking
63e802622f8052bd67d6c5f0,biking
63e802622f8052bd67d6c5f0,skateboarding
63e802622f8052bd67d6c5f0,rollerblading
63e802622f8052bd67d6c5f0,skating
63e802622f8052bd67d6c5f0,football
63e802622f8052bd67d6c5f0,basketball
63e802622f8052bd67d6c5f0,baseball
63e802622f8052bd67d6c5f0,hockey
63e802622f8052bd67d6c5f0,sightseeing
63e802622f8052bd67d6c5f0,running
63e802622f8052bd67d6c5f0,bowling
63e802622f8052bd67d6c5f0,racing
65cc19b4b3d48a22dfc6756d,painting
65cc19b4b3d48a22dfc6756d,sculpting
65cc19b4b3d48a22dfc6756d,karate
65cc19b4b3d48a22dfc6756d,watching
65cc19b4b3d48a22dfc6756d,card games
65cc19b4b3d48a22dfc6756d,pc games
65cc19b4b3d48a22dfc6756d,sewing
65cc19b4b3d48a22dfc6756d,knitting
65cc19b4b3d48a22dfc6756d,cooking
65cb63e160bb47fbf9349269,cooking
65cb63e160bb47fbf9349269,baking
65cb63e160bb47fbf9349269,painting
65cb63e160bb47fbf9349269,drawing
65cb63e160bb47fbf9349269,bicycling
65cb63e160bb47fbf9349269,swimming
65cb63e160bb47fbf9349269,basketball
65cb63e160bb47fbf9349269,playing baseball
65cb63e160bb47fbf9349269,planner
65cb63e160bb47fbf9349269,football
65cb63e160bb47fbf9349269,working out
65cb63e160bb47fbf9349269,cars
65cb63e160bb47fbf9349269,seamstress
65cb63e160bb47fbf9349269,reading
65cb63e160bb47fbf9349269,writing
65cb63e160bb47fbf9349269,cardistry
65cb63e160bb47fbf9349269,gardening
65cb63e160bb47fbf9349269,jogging
65cb63e160bb47fbf9349269,running
65cb63e160bb47fbf9349269,music
65cb63e160bb47fbf9349269,watching
65cb63e160bb47fbf9349269,watching
65cb63e160bb47fbf9349269,pc games
65cb63e160bb47fbf9349269,collecting
65cb63e160bb47fbf9349269,cars
65d6a09286a0c99e632a46dd,sports
65d6a09286a0c99e632a46dd,walking
65d6a09286a0c99e632a46dd,running
65d6a09286a0c99e632a46dd,working out
65d6a09286a0c99e632a46dd,planner
65d6a09286a0c99e632a46dd,phone
65d6a09286a0c99e632a46dd,gamble
65d6a09286a0c99e632a46dd,travel
65d6a09286a0c99e632a46dd,tango
65d6a09286a0c99e632a46dd,camping
65d6a09286a0c99e632a46dd,go to movies
65d6a09286a0c99e632a46dd,skating
65d6a09286a0c99e632a46dd,racing
65d6a09286a0c99e632a46dd,sports
65d6a09286a0c99e632a46dd,pc games
65d6a09286a0c99e632a46dd,travel
65d6a09286a0c99e632a46dd,hunting
65d6a09286a0c99e632a46dd,sports
65d6a09286a0c99e632a46dd,gamble
65d6a09286a0c99e632a46dd,horseshoes
65d6a09286a0c99e632a46dd,cardio
65d6a09286a0c99e632a46dd,pc games
65d6a09286a0c99e632a46dd,collecting
65d6a09286a0c99e632a46dd,collecting
65d6a09286a0c99e632a46dd,softball
65d6a09286a0c99e632a46dd,boxing
65d6a09286a0c99e632a46dd,poetry
65d6a09286a0c99e632a46dd,try new foods
65d6a09286a0c99e632a46dd,restaurants
65d6a09286a0c99e632a46dd,pottery
65d6a09286a0c99e632a46dd,volunteer
65d54b3b524fcafb543d1b23,crocheting
65d54b3b524fcafb543d1b23,running
65d54b3b524fcafb543d1b23,cleaning
65d54b3b524fcafb543d1b23,creating
65d54b3b524fcafb543d1b23,tango
65d54b3b524fcafb543d1b23,cooking
65d54b3b524fcafb543d1b23,eating
65d54b3b524fcafb543d1b23,traveling
65d54b3b524fcafb543d1b23,collecting
65d54b3b524fcafb543d1b23,pilates
65d54b3b524fcafb543d1b23,knitting
65d54b3b524fcafb543d1b23,basketball
65d54b3b524fcafb543d1b23,sports
65d54b3b524fcafb543d1b23,swimming
65d54b3b524fcafb543d1b23,hiking
65d54b3b524fcafb543d1b23,walking
65d54b3b524fcafb543d1b23,exercising
65c25cf77dca9d7ca7d9ebdb,reading
65c25cf77dca9d7ca7d9ebdb,last
65c25cf77dca9d7ca7d9ebdb,music
65c25cf77dca9d7ca7d9ebdb,running
65c25cf77dca9d7ca7d9ebdb,knitting
65c25cf77dca9d7ca7d9ebdb,racing
65c25cf77dca9d7ca7d9ebdb,watching
65c25cf77dca9d7ca7d9ebdb,fishing
65c25cf77dca9d7ca7d9ebdb,camping
65c25cf77dca9d7ca7d9ebdb,fishing
65c25cf77dca9d7ca7d9ebdb,exercising
65c25cf77dca9d7ca7d9ebdb,watching
65c25cf77dca9d7ca7d9ebdb,watching
65c25cf77dca9d7ca7d9ebdb,drawing
65c25cf77dca9d7ca7d9ebdb,carpentry
65c25cf77dca9d7ca7d9ebdb,shopping
65c25cf77dca9d7ca7d9ebdb,diving
60a48adfe091e410f4eaba34,pc games
60a48adfe091e410f4eaba34,watching
60a48adfe091e410f4eaba34,sewing
60a48adfe091e410f4eaba34,woodworking
60a48adfe091e410f4eaba34,knitting
60a48adfe091e410f4eaba34,playing games
60a48adfe091e410f4eaba34,baking
60a48adfe091e410f4eaba34,animation
60a48adfe091e410f4eaba34,sports
60a48adfe091e410f4eaba34,taxidermy
60a48adfe091e410f4eaba34,music
60a48adfe091e410f4eaba34,writing
60a48adfe091e410f4eaba34,baking
