SID,entry
65e862f844f1b7a803bb3c5a,bicycle
65e862f844f1b7a803bb3c5a,yacht
65e862f844f1b7a803bb3c5a,camel
65e862f844f1b7a803bb3c5a,cable car
65e862f844f1b7a803bb3c5a,car
65e862f844f1b7a803bb3c5a,skateboard
65e862f844f1b7a803bb3c5a,airplane
65e862f844f1b7a803bb3c5a,yacht
65e862f844f1b7a803bb3c5a,tram
65e862f844f1b7a803bb3c5a,car
65e862f844f1b7a803bb3c5a,submarine
65e862f844f1b7a803bb3c5a,donkey
5d7ff4aa50fda7001a863736,car
5d7ff4aa50fda7001a863736,taxi
5d7ff4aa50fda7001a863736,airplane
5d7ff4aa50fda7001a863736,helicopter
5d7ff4aa50fda7001a863736,bicycle
5d7ff4aa50fda7001a863736,rowboat
5d7ff4aa50fda7001a863736,scooter
5d7ff4aa50fda7001a863736,train
5d7ff4aa50fda7001a863736,motorcycle
5d7ff4aa50fda7001a863736,car
5d7ff4aa50fda7001a863736,bus
5d7ff4aa50fda7001a863736,horse
65c25cf77dca9d7ca7d9ebdb,airplane
65c25cf77dca9d7ca7d9ebdb,train
65c25cf77dca9d7ca7d9ebdb,jet ski
65c25cf77dca9d7ca7d9ebdb,ski
65c25cf77dca9d7ca7d9ebdb,motorcycle
65c25cf77dca9d7ca7d9ebdb,running
65c25cf77dca9d7ca7d9ebdb,train
65c25cf77dca9d7ca7d9ebdb,bus
65c25cf77dca9d7ca7d9ebdb,submarine
65c25cf77dca9d7ca7d9ebdb,skateboard
65c25cf77dca9d7ca7d9ebdb,scooter
65c25cf77dca9d7ca7d9ebdb,bears
65c25cf77dca9d7ca7d9ebdb,helicopter
65e358d9c5e3ee026268b2a7,running
65e358d9c5e3ee026268b2a7,rollerblades
65e358d9c5e3ee026268b2a7,skateboard
65e358d9c5e3ee026268b2a7,scooter
65e358d9c5e3ee026268b2a7,mule
65e358d9c5e3ee026268b2a7,motorcycle
65e358d9c5e3ee026268b2a7,car
65e358d9c5e3ee026268b2a7,train
65e358d9c5e3ee026268b2a7,bus
65e358d9c5e3ee026268b2a7,airplane
65e358d9c5e3ee026268b2a7,helicopter
65e358d9c5e3ee026268b2a7,cruise ship
65e358d9c5e3ee026268b2a7,yacht
65e358d9c5e3ee026268b2a7,taxi
65e358d9c5e3ee026268b2a7,bears
65e358d9c5e3ee026268b2a7,bears
65e358d9c5e3ee026268b2a7,car
65e358d9c5e3ee026268b2a7,bicycle
63ea4ab1ce4168cbe9f63775,skydiving
63ea4ab1ce4168cbe9f63775,car
63ea4ab1ce4168cbe9f63775,taxi
63ea4ab1ce4168cbe9f63775,car
63ea4ab1ce4168cbe9f63775,bears
63ea4ab1ce4168cbe9f63775,bicycle
63ea4ab1ce4168cbe9f63775,scooter
63ea4ab1ce4168cbe9f63775,car
63ea4ab1ce4168cbe9f63775,scooter
63ea4ab1ce4168cbe9f63775,motorcycle
63ea4ab1ce4168cbe9f63775,airplane
63ea4ab1ce4168cbe9f63775,subway
63ea4ab1ce4168cbe9f63775,canoe
63ea4ab1ce4168cbe9f63775,train
63ea4ab1ce4168cbe9f63775,ski
63ea4ab1ce4168cbe9f63775,cruise ship
63ea4ab1ce4168cbe9f63775,ferry
63ea4ab1ce4168cbe9f63775,car
63ea4ab1ce4168cbe9f63775,bus
63ea4ab1ce4168cbe9f63775,bus
65d54b3b524fcafb543d1b23,car
65d54b3b524fcafb543d1b23,bus
65d54b3b524fcafb543d1b23,scooter
65d54b3b524fcafb543d1b23,bus
65d54b3b524fcafb543d1b23,bears
65d54b3b524fcafb543d1b23,skateboard
65d54b3b524fcafb543d1b23,scooter
65d54b3b524fcafb543d1b23,scooter
65d54b3b524fcafb543d1b23,rowboat
65d54b3b524fcafb543d1b23,ferry
65d54b3b524fcafb543d1b23,horse
65d54b3b524fcafb543d1b23,ski
65d54b3b524fcafb543d1b23,ski
65d54b3b524fcafb543d1b23,ski
65d54b3b524fcafb543d1b23,dog sled
60a48adfe091e410f4eaba34,car
60a48adfe091e410f4eaba34,bus
60a48adfe091e410f4eaba34,train
60a48adfe091e410f4eaba34,airplane
60a48adfe091e410f4eaba34,jet ski
60a48adfe091e410f4eaba34,bicycle
60a48adfe091e410f4eaba34,rowboat
60a48adfe091e410f4eaba34,hiking
60a48adfe091e410f4eaba34,glider
60a48adfe091e410f4eaba34,segway
60a48adfe091e410f4eaba34,scooter
60a48adfe091e410f4eaba34,snowboard
60a48adfe091e410f4eaba34,running
60a48adfe091e410f4eaba34,skiing
60a48adfe091e410f4eaba34,taxi
60a48adfe091e410f4eaba34,crossing
65cc19b4b3d48a22dfc6756d,car
65cc19b4b3d48a22dfc6756d,train
65cc19b4b3d48a22dfc6756d,airplane
65cc19b4b3d48a22dfc6756d,rowboat
65cc19b4b3d48a22dfc6756d,helicopter
65cc19b4b3d48a22dfc6756d,rocket
65cb63e160bb47fbf9349269,car
65cb63e160bb47fbf9349269,bus
65cb63e160bb47fbf9349269,train
65cb63e160bb47fbf9349269,taxi
65cb63e160bb47fbf9349269,glider
65cb63e160bb47fbf9349269,surfing
65cb63e160bb47fbf9349269,train
65cb63e160bb47fbf9349269,monorail
65cb63e160bb47fbf9349269,airplane
65cb63e160bb47fbf9349269,helicopter
65cb63e160bb47fbf9349269,rowboat
65cb63e160bb47fbf9349269,cruising
65cb63e160bb47fbf9349269,sailboat
65cb63e160bb47fbf9349269,bicycle
65cb63e160bb47fbf9349269,bicycle
65cb63e160bb47fbf9349269,motorcycle
65cb63e160bb47fbf9349269,paraglider
65cb63e160bb47fbf9349269,snowboard
65cb63e160bb47fbf9349269,scooter
65cb63e160bb47fbf9349269,skateboard
65d6a09286a0c99e632a46dd,car
65d6a09286a0c99e632a46dd,airplane
65d6a09286a0c99e632a46dd,train
65d6a09286a0c99e632a46dd,scooter
65d6a09286a0c99e632a46dd,scooter
65d6a09286a0c99e632a46dd,rollerblades
65d6a09286a0c99e632a46dd,running
65d6a09286a0c99e632a46dd,skateboard
65d6a09286a0c99e632a46dd,snowboard
65d6a09286a0c99e632a46dd,car
65d6a09286a0c99e632a46dd,car
65d6a09286a0c99e632a46dd,trawler
60d731567049e5132e3cc4d4,bears
60d731567049e5132e3cc4d4,skydiving
60d731567049e5132e3cc4d4,camel
60d731567049e5132e3cc4d4,canoe
60d731567049e5132e3cc4d4,airplane
60d731567049e5132e3cc4d4,skateboard
60d731567049e5132e3cc4d4,scooter
60d731567049e5132e3cc4d4,trawler
60d731567049e5132e3cc4d4,subway
60d731567049e5132e3cc4d4,gondola
60d731567049e5132e3cc4d4,chairlift
60d731567049e5132e3cc4d4,helicopter
60d731567049e5132e3cc4d4,car
60d731567049e5132e3cc4d4,glider
60d731567049e5132e3cc4d4,bus
60d731567049e5132e3cc4d4,snowshoeing
60d731567049e5132e3cc4d4,ferry
60d731567049e5132e3cc4d4,ferry
60d731567049e5132e3cc4d4,zipline
65e1f75ab3efd22e847cfbf0,car
65e1f75ab3efd22e847cfbf0,airplane
65e1f75ab3efd22e847cfbf0,rowboat
65e1f75ab3efd22e847cfbf0,train
65e1f75ab3efd22e847cfbf0,scooter
65e1f75ab3efd22e847cfbf0,motorcycle
65e1f75ab3efd22e847cfbf0,sled
65e1f75ab3efd22e847cfbf0,sled
65e1f75ab3efd22e847cfbf0,airplane
65e1f75ab3efd22e847cfbf0,train
65e1f75ab3efd22e847cfbf0,donkey
65e1f75ab3efd22e847cfbf0,angling
65e1f75ab3efd22e847cfbf0,car
65e1f75ab3efd22e847cfbf0,donkey
5f5aa60bef062519ff711fe6,hiking
5f5aa60bef062519ff711fe6,car
5f5aa60bef062519ff711fe6,bus
5f5aa60bef062519ff711fe6,subway
5f5aa60bef062519ff711fe6,tram
5f5aa60bef062519ff711fe6,motorcycle
5f5aa60bef062519ff711fe6,horse
5f5aa60bef062519ff711fe6,canoe
5f5aa60bef062519ff711fe6,scooter
5f5aa60bef062519ff711fe6,skateboard
63e802622f8052bd67d6c5f0,skateboard
63e802622f8052bd67d6c5f0,rollerblades
63e802622f8052bd67d6c5f0,car
63e802622f8052bd67d6c5f0,bus
63e802622f8052bd67d6c5f0,train
63e802622f8052bd67d6c5f0,scooter
63e802622f8052bd67d6c5f0,sledding
63e802622f8052bd67d6c5f0,motorcycle
63e802622f8052bd67d6c5f0,submarine
