SID,entry
60a48adfe091e410f4eaba34,engineer
60a48adfe091e410f4eaba34,physicist
60a48adfe091e410f4eaba34,therapist
60a48adfe091e410f4eaba34,doctor
60a48adfe091e410f4eaba34,therapist
60a48adfe091e410f4eaba34,physicist
60a48adfe091e410f4eaba34,actor
60a48adfe091e410f4eaba34,auditor
60a48adfe091e410f4eaba34,real estate agent
60a48adfe091e410f4eaba34,writer
60a48adfe091e410f4eaba34,veterinarian
60a48adfe091e410f4eaba34,writer
65e862f844f1b7a803bb3c5a,doctor
65e862f844f1b7a803bb3c5a,accountant
65e862f844f1b7a803bb3c5a,teacher
65e862f844f1b7a803bb3c5a,lecturer
65e862f844f1b7a803bb3c5a,dentist
65e862f844f1b7a803bb3c5a,architect
65e862f844f1b7a803bb3c5a,electrician
65e862f844f1b7a803bb3c5a,farmer
65e862f844f1b7a803bb3c5a,carpenter
65e862f844f1b7a803bb3c5a,astronomer
65e862f844f1b7a803bb3c5a,bricklayer
65e862f844f1b7a803bb3c5a,actor
65e862f844f1b7a803bb3c5a,engineer
65e862f844f1b7a803bb3c5a,lawyer
65e862f844f1b7a803bb3c5a,doctor
65e862f844f1b7a803bb3c5a,firefighter
65e862f844f1b7a803bb3c5a,nurse
65e862f844f1b7a803bb3c5a,lecturer
65e862f844f1b7a803bb3c5a,scientist
65e862f844f1b7a803bb3c5a,engineer
65e862f844f1b7a803bb3c5a,doctor
65e862f844f1b7a803bb3c5a,lawyer
65e862f844f1b7a803bb3c5a,lawyer
65e862f844f1b7a803bb3c5a,secretary
65e862f844f1b7a803bb3c5a,recruiter
65e862f844f1b7a803bb3c5a,pilot
65e862f844f1b7a803bb3c5a,writer
65e862f844f1b7a803bb3c5a,zookeeper
65e862f844f1b7a803bb3c5a,gardener
65e862f844f1b7a803bb3c5a,florist
65d54b3b524fcafb543d1b23,nurse
65d54b3b524fcafb543d1b23,plumber
65d54b3b524fcafb543d1b23,surgeon
65d54b3b524fcafb543d1b23,doctor
65d54b3b524fcafb543d1b23,nurse
65d54b3b524fcafb543d1b23,web developer
65d54b3b524fcafb543d1b23,secretary
65d54b3b524fcafb543d1b23,counselor
65d54b3b524fcafb543d1b23,receptionist
65d54b3b524fcafb543d1b23,therapist
65d54b3b524fcafb543d1b23,physicist
65d54b3b524fcafb543d1b23,therapist
65d54b3b524fcafb543d1b23,therapist
65d54b3b524fcafb543d1b23,nurse
65d54b3b524fcafb543d1b23,doctor
65d54b3b524fcafb543d1b23,electrician
65d54b3b524fcafb543d1b23,welder
60d731567049e5132e3cc4d4,surgeon
60d731567049e5132e3cc4d4,pediatrician
60d731567049e5132e3cc4d4,lawyer
60d731567049e5132e3cc4d4,scientist
60d731567049e5132e3cc4d4,plumber
60d731567049e5132e3cc4d4,carpenter
60d731567049e5132e3cc4d4,electrician
60d731567049e5132e3cc4d4,barista
60d731567049e5132e3cc4d4,gardener
60d731567049e5132e3cc4d4,writer
60d731567049e5132e3cc4d4,teacher
60d731567049e5132e3cc4d4,nurse
60d731567049e5132e3cc4d4,accountant
60d731567049e5132e3cc4d4,insurance agent
60d731567049e5132e3cc4d4,police officer
60d731567049e5132e3cc4d4,firefighter
60d731567049e5132e3cc4d4,mechanic
60d731567049e5132e3cc4d4,teacher
60d731567049e5132e3cc4d4,artist
60d731567049e5132e3cc4d4,musician
60d731567049e5132e3cc4d4,actor
60d731567049e5132e3cc4d4,doctor
60d731567049e5132e3cc4d4,photographer
60d731567049e5132e3cc4d4,recruiter
60d731567049e5132e3cc4d4,professor
60d731567049e5132e3cc4d4,tailor
65e1f75ab3efd22e847cfbf0,doctor
65e1f75ab3efd22e847cfbf0,lawyer
65e1f75ab3efd22e847cfbf0,nurse
65e1f75ab3efd22e847cfbf0,tailor
65e1f75ab3efd22e847cfbf0,receptionist
65e1f75ab3efd22e847cfbf0,forester
65e1f75ab3efd22e847cfbf0,accountant
65e1f75ab3efd22e847cfbf0,surgeon
65e1f75ab3efd22e847cfbf0,anesthesiologist
65e1f75ab3efd22e847cfbf0,social worker
65e1f75ab3efd22e847cfbf0,physicist
65e1f75ab3efd22e847cfbf0,dentist
65e1f75ab3efd22e847cfbf0,writer
65e1f75ab3efd22e847cfbf0,scientist
65e1f75ab3efd22e847cfbf0,mechanic
65e1f75ab3efd22e847cfbf0,pilot
65e1f75ab3efd22e847cfbf0,florist
63ea4ab1ce4168cbe9f63775,nurse
63ea4ab1ce4168cbe9f63775,doctor
63ea4ab1ce4168cbe9f63775,nurse
63ea4ab1ce4168cbe9f63775,physicist
63ea4ab1ce4168cbe9f63775,fisherman
63ea4ab1ce4168cbe9f63775,police officer
63ea4ab1ce4168cbe9f63775,real estate agent
63ea4ab1ce4168cbe9f63775,salesperson
63ea4ab1ce4168cbe9f63775,insurance agent
63ea4ab1ce4168cbe9f63775,chef
63ea4ab1ce4168cbe9f63775,chef
63ea4ab1ce4168cbe9f63775,web developer
63ea4ab1ce4168cbe9f63775,engineer
63ea4ab1ce4168cbe9f63775,chemist
63ea4ab1ce4168cbe9f63775,engineer
63ea4ab1ce4168cbe9f63775,architect
63ea4ab1ce4168cbe9f63775,engineer
63ea4ab1ce4168cbe9f63775,architect
63ea4ab1ce4168cbe9f63775,writer
63ea4ab1ce4168cbe9f63775,professor
63ea4ab1ce4168cbe9f63775,coach
63ea4ab1ce4168cbe9f63775,rancher
63ea4ab1ce4168cbe9f63775,physicist
63ea4ab1ce4168cbe9f63775,therapist
63ea4ab1ce4168cbe9f63775,physicist
63ea4ab1ce4168cbe9f63775,therapist
5d7ff4aa50fda7001a863736,doctor
5d7ff4aa50fda7001a863736,teacher
5d7ff4aa50fda7001a863736,lawyer
5d7ff4aa50fda7001a863736,nurse
5d7ff4aa50fda7001a863736,engineer
5d7ff4aa50fda7001a863736,scientist
5d7ff4aa50fda7001a863736,dentist
5d7ff4aa50fda7001a863736,chef
5d7ff4aa50fda7001a863736,actress
5d7ff4aa50fda7001a863736,writer
5d7ff4aa50fda7001a863736,writer
5d7ff4aa50fda7001a863736,pilot
5d7ff4aa50fda7001a863736,actor
5d7ff4aa50fda7001a863736,actress
5d7ff4aa50fda7001a863736,pediatrician
5d7ff4aa50fda7001a863736,artist
5d7ff4aa50fda7001a863736,police officer
5d7ff4aa50fda7001a863736,bartender
5d7ff4aa50fda7001a863736,accountant
5d7ff4aa50fda7001a863736,architect
5d7ff4aa50fda7001a863736,firefighter
5d7ff4aa50fda7001a863736,gardener
5d7ff4aa50fda7001a863736,farmer
5d7ff4aa50fda7001a863736,zookeeper
5d7ff4aa50fda7001a863736,astronaut
5f5aa60bef062519ff711fe6,doctor
5f5aa60bef062519ff711fe6,lawyer
5f5aa60bef062519ff711fe6,accountant
5f5aa60bef062519ff711fe6,engineer
5f5aa60bef062519ff711fe6,mechanic
5f5aa60bef062519ff711fe6,engineer
5f5aa60bef062519ff711fe6,engineer
5f5aa60bef062519ff711fe6,lawyer
5f5aa60bef062519ff711fe6,secretary
5f5aa60bef062519ff711fe6,police officer
5f5aa60bef062519ff711fe6,scientist
5f5aa60bef062519ff711fe6,writer
5f5aa60bef062519ff711fe6,nurse
5f5aa60bef062519ff711fe6,surgeon
5f5aa60bef062519ff711fe6,receptionist
5f5aa60bef062519ff711fe6,consultant
5f5aa60bef062519ff711fe6,actor
65cb63e160bb47fbf9349269,doctor
65cb63e160bb47fbf9349269,lawyer
65cb63e160bb47fbf9349269,police officer
65cb63e160bb47fbf9349269,teacher
65cb63e160bb47fbf9349269,firefighter
65cb63e160bb47fbf9349269,accountant
65cb63e160bb47fbf9349269,tutor
65cb63e160bb47fbf9349269,scientist
65cb63e160bb47fbf9349269,engineer
65cb63e160bb47fbf9349269,mechanic
65cb63e160bb47fbf9349269,engineer
65cb63e160bb47fbf9349269,engineer
65cb63e160bb47fbf9349269,professor
65cb63e160bb47fbf9349269,tutor
65cb63e160bb47fbf9349269,welder
65cb63e160bb47fbf9349269,plumber
65cb63e160bb47fbf9349269,doctor
65cb63e160bb47fbf9349269,programmer
65cb63e160bb47fbf9349269,musician
65cb63e160bb47fbf9349269,photographer
65cb63e160bb47fbf9349269,physicist
65cb63e160bb47fbf9349269,actor
65cb63e160bb47fbf9349269,actress
65cb63e160bb47fbf9349269,pilot
63e802622f8052bd67d6c5f0,barber
63e802622f8052bd67d6c5f0,firefighter
63e802622f8052bd67d6c5f0,teacher
63e802622f8052bd67d6c5f0,writer
63e802622f8052bd67d6c5f0,artist
63e802622f8052bd67d6c5f0,writer
63e802622f8052bd67d6c5f0,tailor
63e802622f8052bd67d6c5f0,caterer
63e802622f8052bd67d6c5f0,doctor
63e802622f8052bd67d6c5f0,veterinarian
63e802622f8052bd67d6c5f0,firefighter
63e802622f8052bd67d6c5f0,writer
63e802622f8052bd67d6c5f0,lawyer
63e802622f8052bd67d6c5f0,secretary
63e802622f8052bd67d6c5f0,engineer
63e802622f8052bd67d6c5f0,electrician
63e802622f8052bd67d6c5f0,mason
65d6a09286a0c99e632a46dd,teacher
65d6a09286a0c99e632a46dd,lawyer
65d6a09286a0c99e632a46dd,farmer
65d6a09286a0c99e632a46dd,professor
65d6a09286a0c99e632a46dd,lawyer
65d6a09286a0c99e632a46dd,accountant
65d6a09286a0c99e632a46dd,bartender
65d6a09286a0c99e632a46dd,caterer
65d6a09286a0c99e632a46dd,writer
65d6a09286a0c99e632a46dd,therapist
65d6a09286a0c99e632a46dd,doctor
65d6a09286a0c99e632a46dd,coach
65d6a09286a0c99e632a46dd,engineer
65d6a09286a0c99e632a46dd,professor
65d6a09286a0c99e632a46dd,dentist
65d6a09286a0c99e632a46dd,therapist
65d6a09286a0c99e632a46dd,police officer
65d6a09286a0c99e632a46dd,firefighter
65d6a09286a0c99e632a46dd,therapist
65d6a09286a0c99e632a46dd,receptionist
65d6a09286a0c99e632a46dd,barber
65d6a09286a0c99e632a46dd,mason
65cc19b4b3d48a22dfc6756d,plumber
65cc19b4b3d48a22dfc6756d,electrician
65cc19b4b3d48a22dfc6756d,doctor
65cc19b4b3d48a22dfc6756d,chef
65cc19b4b3d48a22dfc6756d,secretary
65cc19b4b3d48a22dfc6756d,engineer
65cc19b4b3d48a22dfc6756d,scientist
65cc19b4b3d48a22dfc6756d,florist
65cc19b4b3d48a22dfc6756d,actress
65cc19b4b3d48a22dfc6756d,seamstress
65cc19b4b3d48a22dfc6756d,caterer
65cc19b4b3d48a22dfc6756d,mechanic
65cc19b4b3d48a22dfc6756d,rancher
65cc19b4b3d48a22dfc6756d,actor
65cc19b4b3d48a22dfc6756d,teacher
65cc19b4b3d48a22dfc6756d,fisherman
65c25cf77dca9d7ca7d9ebdb,doctor
65c25cf77dca9d7ca7d9ebdb,nurse
65c25cf77dca9d7ca7d9ebdb,florist
65c25cf77dca9d7ca7d9ebdb,engineer
65c25cf77dca9d7ca7d9ebdb,electrician
65c25cf77dca9d7ca7d9ebdb,engineer
65c25cf77dca9d7ca7d9ebdb,engineer
65c25cf77dca9d7ca7d9ebdb,engineer
65c25cf77dca9d7ca7d9ebdb,teacher
65c25cf77dca9d7ca7d9ebdb,professor
65c25cf77dca9d7ca7d9ebdb,architect
65c25cf77dca9d7ca7d9ebdb,psychologist
65c25cf77dca9d7ca7d9ebdb,psychiatrist
65c25cf77dca9d7ca7d9ebdb,dentist
65c25cf77dca9d7ca7d9ebdb,writer
65c25cf77dca9d7ca7d9ebdb,pilot
65c25cf77dca9d7ca7d9ebdb,bartender
65c25cf77dca9d7ca7d9ebdb,police officer
65c25cf77dca9d7ca7d9ebdb,rancher
65c25cf77dca9d7ca7d9ebdb,caterer
65b15afd94153c1f50c92493,writer
65b15afd94153c1f50c92493,teacher
65b15afd94153c1f50c92493,therapist
65b15afd94153c1f50c92493,nurse
65b15afd94153c1f50c92493,artist
65b15afd94153c1f50c92493,writer
65b15afd94153c1f50c92493,architect
65b15afd94153c1f50c92493,dentist
65b15afd94153c1f50c92493,therapist
65b15afd94153c1f50c92493,musician
65b15afd94153c1f50c92493,artist
65b15afd94153c1f50c92493,musician
65b15afd94153c1f50c92493,artist
65b15afd94153c1f50c92493,mechanic
65b15afd94153c1f50c92493,doctor
65e358d9c5e3ee026268b2a7,nurse
65e358d9c5e3ee026268b2a7,doctor
65e358d9c5e3ee026268b2a7,pathologist
65e358d9c5e3ee026268b2a7,nutritionist
65e358d9c5e3ee026268b2a7,physicist
65e358d9c5e3ee026268b2a7,therapist
65e358d9c5e3ee026268b2a7,therapist
65e358d9c5e3ee026268b2a7,historian
65e358d9c5e3ee026268b2a7,tailor
65e358d9c5e3ee026268b2a7,chef
65e358d9c5e3ee026268b2a7,stockbroker
65e358d9c5e3ee026268b2a7,therapist
65e358d9c5e3ee026268b2a7,bartender
65e358d9c5e3ee026268b2a7,therapist
65e358d9c5e3ee026268b2a7,writer
65e358d9c5e3ee026268b2a7,tailor
65e358d9c5e3ee026268b2a7,therapist
65e358d9c5e3ee026268b2a7,engineer
65e358d9c5e3ee026268b2a7,engineer
65e358d9c5e3ee026268b2a7,mechanic
65e358d9c5e3ee026268b2a7,electrician
65e358d9c5e3ee026268b2a7,engineer
65e358d9c5e3ee026268b2a7,carpenter
65e358d9c5e3ee026268b2a7,writer
65e358d9c5e3ee026268b2a7,electrician
65e358d9c5e3ee026268b2a7,lawyer
65e358d9c5e3ee026268b2a7,secretary
65e358d9c5e3ee026268b2a7,therapist
