SID,entry
65d6a09286a0c99e632a46dd,liquor
65d6a09286a0c99e632a46dd,water
65d6a09286a0c99e632a46dd,soda
65d6a09286a0c99e632a46dd,marinade
65d6a09286a0c99e632a46dd,wine
65d6a09286a0c99e632a46dd,salsa
65d6a09286a0c99e632a46dd,liquor
65d6a09286a0c99e632a46dd,tar
65d6a09286a0c99e632a46dd,water
65d6a09286a0c99e632a46dd,tea
65d6a09286a0c99e632a46dd,liquor
65d6a09286a0c99e632a46dd,liquor
65d6a09286a0c99e632a46dd,solvent
65d6a09286a0c99e632a46dd,water
65d6a09286a0c99e632a46dd,beer
65c25cf77dca9d7ca7d9ebdb,water
65c25cf77dca9d7ca7d9ebdb,bleach
65c25cf77dca9d7ca7d9ebdb,marinade
65c25cf77dca9d7ca7d9ebdb,milk
65c25cf77dca9d7ca7d9ebdb,wine
65c25cf77dca9d7ca7d9ebdb,tar
65c25cf77dca9d7ca7d9ebdb,olive oil
65c25cf77dca9d7ca7d9ebdb,cola
65c25cf77dca9d7ca7d9ebdb,brandy
65c25cf77dca9d7ca7d9ebdb,water
65c25cf77dca9d7ca7d9ebdb,soda
65c25cf77dca9d7ca7d9ebdb,beer
65c25cf77dca9d7ca7d9ebdb,brandy
65c25cf77dca9d7ca7d9ebdb,vodka
65c25cf77dca9d7ca7d9ebdb,whiskey
65cc19b4b3d48a22dfc6756d,water
65cc19b4b3d48a22dfc6756d,coffee
65cc19b4b3d48a22dfc6756d,juice
65cc19b4b3d48a22dfc6756d,sauce
65cc19b4b3d48a22dfc6756d,sauce
65cc19b4b3d48a22dfc6756d,vinegar
65cc19b4b3d48a22dfc6756d,soda
65cc19b4b3d48a22dfc6756d,cider
65cc19b4b3d48a22dfc6756d,whiskey
65cc19b4b3d48a22dfc6756d,wine
65cb63e160bb47fbf9349269,water
65cb63e160bb47fbf9349269,soup
65cb63e160bb47fbf9349269,soda
65cb63e160bb47fbf9349269,juice
65cb63e160bb47fbf9349269,wine
65cb63e160bb47fbf9349269,beer
65cb63e160bb47fbf9349269,liquor
65cb63e160bb47fbf9349269,hydrogen peroxide
65cb63e160bb47fbf9349269,milk
65cb63e160bb47fbf9349269,stock
65cb63e160bb47fbf9349269,brine
65cb63e160bb47fbf9349269,water
65cb63e160bb47fbf9349269,salsa
60a48adfe091e410f4eaba34,water
60a48adfe091e410f4eaba34,cola
60a48adfe091e410f4eaba34,milk
60a48adfe091e410f4eaba34,orange juice
60a48adfe091e410f4eaba34,juice
60a48adfe091e410f4eaba34,vodka
60a48adfe091e410f4eaba34,rum
60a48adfe091e410f4eaba34,whiskey
60a48adfe091e410f4eaba34,bleach
60a48adfe091e410f4eaba34,tea
60a48adfe091e410f4eaba34,coffee
60a48adfe091e410f4eaba34,dressing
60d731567049e5132e3cc4d4,water
60d731567049e5132e3cc4d4,gasoline
60d731567049e5132e3cc4d4,beer
60d731567049e5132e3cc4d4,wine
60d731567049e5132e3cc4d4,rum
60d731567049e5132e3cc4d4,vodka
60d731567049e5132e3cc4d4,milk
60d731567049e5132e3cc4d4,juice
60d731567049e5132e3cc4d4,mustard
60d731567049e5132e3cc4d4,wax remover
60d731567049e5132e3cc4d4,wine
60d731567049e5132e3cc4d4,bleach
60d731567049e5132e3cc4d4,brandy
60d731567049e5132e3cc4d4,lemon juice
60d731567049e5132e3cc4d4,soda
60d731567049e5132e3cc4d4,whiskey
60d731567049e5132e3cc4d4,coffee
60d731567049e5132e3cc4d4,degreaser
60d731567049e5132e3cc4d4,smoothie
60d731567049e5132e3cc4d4,kombucha
63e802622f8052bd67d6c5f0,water
63e802622f8052bd67d6c5f0,honey
63e802622f8052bd67d6c5f0,beer
63e802622f8052bd67d6c5f0,liquor
63e802622f8052bd67d6c5f0,soda
65e1f75ab3efd22e847cfbf0,soda
65e1f75ab3efd22e847cfbf0,juice
65e1f75ab3efd22e847cfbf0,water
65e1f75ab3efd22e847cfbf0,fanta
65e1f75ab3efd22e847cfbf0,sprite
65e1f75ab3efd22e847cfbf0,orange juice
65e1f75ab3efd22e847cfbf0,juice
65e1f75ab3efd22e847cfbf0,juice
65e1f75ab3efd22e847cfbf0,juice
65e1f75ab3efd22e847cfbf0,dr. pepper
65e1f75ab3efd22e847cfbf0,lemonade
65e1f75ab3efd22e847cfbf0,whiskey
65e1f75ab3efd22e847cfbf0,ammonia
65e1f75ab3efd22e847cfbf0,juice
65d54b3b524fcafb543d1b23,water
65d54b3b524fcafb543d1b23,sprite
65d54b3b524fcafb543d1b23,juice
65d54b3b524fcafb543d1b23,juice
65d54b3b524fcafb543d1b23,juice
65d54b3b524fcafb543d1b23,juice
65d54b3b524fcafb543d1b23,marinade
65d54b3b524fcafb543d1b23,spring water
65d54b3b524fcafb543d1b23,fanta
65d54b3b524fcafb543d1b23,kombucha
65e358d9c5e3ee026268b2a7,water
65e358d9c5e3ee026268b2a7,water
65e358d9c5e3ee026268b2a7,soup
65e358d9c5e3ee026268b2a7,beer
65e358d9c5e3ee026268b2a7,liquor
65e358d9c5e3ee026268b2a7,vodka
65e358d9c5e3ee026268b2a7,gin
65e358d9c5e3ee026268b2a7,tequila
65e358d9c5e3ee026268b2a7,juice
65e358d9c5e3ee026268b2a7,orange juice
65e358d9c5e3ee026268b2a7,juice
65e358d9c5e3ee026268b2a7,juice
65e358d9c5e3ee026268b2a7,juice
65e358d9c5e3ee026268b2a7,soda
65e358d9c5e3ee026268b2a7,7up
65e358d9c5e3ee026268b2a7,tar
65e358d9c5e3ee026268b2a7,wine
65e358d9c5e3ee026268b2a7,bleach
65e358d9c5e3ee026268b2a7,water
65e358d9c5e3ee026268b2a7,brine
65e358d9c5e3ee026268b2a7,liquor
65e358d9c5e3ee026268b2a7,mocktails
65e358d9c5e3ee026268b2a7,olive oil
65e358d9c5e3ee026268b2a7,vegetable oil
65e358d9c5e3ee026268b2a7,cola
65e358d9c5e3ee026268b2a7,liquor
65e358d9c5e3ee026268b2a7,milk
65e358d9c5e3ee026268b2a7,lemonade
65e358d9c5e3ee026268b2a7,milk
65e358d9c5e3ee026268b2a7,milk
65e862f844f1b7a803bb3c5a,broth
65e862f844f1b7a803bb3c5a,brine
65e862f844f1b7a803bb3c5a,cider
65e862f844f1b7a803bb3c5a,wine
65e862f844f1b7a803bb3c5a,beer
65e862f844f1b7a803bb3c5a,coffee
65e862f844f1b7a803bb3c5a,pesto
65e862f844f1b7a803bb3c5a,diesel
65e862f844f1b7a803bb3c5a,gasoline
65e862f844f1b7a803bb3c5a,diesel
65e862f844f1b7a803bb3c5a,honey
65e862f844f1b7a803bb3c5a,tar
65e862f844f1b7a803bb3c5a,juice
65e862f844f1b7a803bb3c5a,coconut oil
65e862f844f1b7a803bb3c5a,water
5d7ff4aa50fda7001a863736,water
5d7ff4aa50fda7001a863736,orange juice
5d7ff4aa50fda7001a863736,milk
5d7ff4aa50fda7001a863736,wine
5d7ff4aa50fda7001a863736,coffee
5d7ff4aa50fda7001a863736,soda
5d7ff4aa50fda7001a863736,tea
5d7ff4aa50fda7001a863736,hot chocolate
5d7ff4aa50fda7001a863736,smoothie
5d7ff4aa50fda7001a863736,lemonade
63ea4ab1ce4168cbe9f63775,water
63ea4ab1ce4168cbe9f63775,beer
63ea4ab1ce4168cbe9f63775,whiskey
63ea4ab1ce4168cbe9f63775,beer
63ea4ab1ce4168cbe9f63775,tequila
63ea4ab1ce4168cbe9f63775,vodka
63ea4ab1ce4168cbe9f63775,coffee
63ea4ab1ce4168cbe9f63775,smoothie
63ea4ab1ce4168cbe9f63775,coffee
63ea4ab1ce4168cbe9f63775,motor oil
63ea4ab1ce4168cbe9f63775,gasoline
63ea4ab1ce4168cbe9f63775,fanta
63ea4ab1ce4168cbe9f63775,wax remover
63ea4ab1ce4168cbe9f63775,gasoline
63ea4ab1ce4168cbe9f63775,wine
63ea4ab1ce4168cbe9f63775,bleach
63ea4ab1ce4168cbe9f63775,brandy
63ea4ab1ce4168cbe9f63775,solvent
63ea4ab1ce4168cbe9f63775,juice
63ea4ab1ce4168cbe9f63775,juice
65b15afd94153c1f50c92493,water
65b15afd94153c1f50c92493,milk
65b15afd94153c1f50c92493,green tea
65b15afd94153c1f50c92493,coffee
65b15afd94153c1f50c92493,juice
65b15afd94153c1f50c92493,marinade
65b15afd94153c1f50c92493,soup
65b15afd94153c1f50c92493,dressing
65b15afd94153c1f50c92493,soda
65b15afd94153c1f50c92493,ketchup
65b15afd94153c1f50c92493,vinegar
65b15afd94153c1f50c92493,fanta
5f5aa60bef062519ff711fe6,orange juice
5f5aa60bef062519ff711fe6,juice
5f5aa60bef062519ff711fe6,water
5f5aa60bef062519ff711fe6,dr. pepper
5f5aa60bef062519ff711fe6,fanta
5f5aa60bef062519ff711fe6,coconut oil
5f5aa60bef062519ff711fe6,water
5f5aa60bef062519ff711fe6,milk
5f5aa60bef062519ff711fe6,lemonade
5f5aa60bef062519ff711fe6,milk
5f5aa60bef062519ff711fe6,lemonade
5f5aa60bef062519ff711fe6,sprite
5f5aa60bef062519ff711fe6,broth
5f5aa60bef062519ff711fe6,beer
5f5aa60bef062519ff711fe6,gasoline
